Title,Views,Upload_Date,Likes,Comments,Description
सरकारको आलोचना गर्नु अपराध होइन | Digital Dictatorship,5381,2025-02-07,835,12,"सरकारको आलोचना गर्नु अपराध होइन | Digital Dictatorship

#letusspeak 
#revisesocialmediabill"
Freedom Of Speech is not for sale,7952,2025-02-06,931,9,"An unjust law is no law at all

#letusspeak 
#revisesocialmediabill"
An unjust law is no law at all,11054,2025-02-05,1996,51,"An unjust law is no law at all
#LetUsSpeak
#ReviseSocialMediaBill"
Digital Dictatorship | Social Media Bill EXPLAINED,96827,2025-02-04,7862,483,"This bill doesn’t just target creators—it impacts everyday people in their daily lives. Its vague language means you could face arrest simply for sharing, engaging with, or even liking a post. This isn’t just about control; it’s a move toward autocracy, undermining the very essence of democracy.

We must fight back on all fronts. Engage with this content, spread the word, and share it as widely as you can. Stand up for free speech and democracy—let’s make sure our voices are heard.

We might have differences but this is the time we call come together. 
Videos on same topic:
@ProjectKura : https://youtu.be/napg1MYux2A?si=Z1gFdw9xymvDJfK9
@INDepthStory : https://youtu.be/XQVMtBQu0jM?si=Vvyc62V-fLq3lO44
@WhySoOffended: https://youtu.be/IuG7yVZ5YEk?si=Aaqa7TCMsMD23bQ3 
@MisguidedNepal : https://youtu.be/0rKjWa5OmLw?si=vfUmFuIKlma9zy3N

The Bill in Discussion:
https://na.parliament.gov.np/uploads/attachments/0qbicazidgmddi9n.pdf

Birat Cancer Institute is offering a 25% discount on cancer screening tests until February 28, 2025.
Patients can avail of this offer by mentioning the promo code AASHA2025 during registration or by presenting a rally coupon. No prior appointment is required.
For more information, please contact 9851153692.

Edited by:
Arpit Thapa Magar (https://www.instagram.com/arpit_akkun/)
Thumbnail by: Biphson Nepali (https://www.instagram.com/biphson_nepali/)

If you are on Facebook: https://www.facebook.com/TheNepaliComment
If you are on Instagram: https://www.instagram.com/thenepalicomment
If you are on Twitter: https://twitter.com/NepaliComment

Timestamps:
0:00 Prolouge
0:31 Vagueness of the Bill
1:01 Tonald Drump on Bombing Nepal
1:14 Yubaraj Asafal on Federalism
2:13 Major Problems with the Bill
2:34 KP Deuba on Inflation
3:35 Advertisement - Birat's 25% Discount on Cancer Screening
4:35 Penalties as per the Bill
7:22 Overcriminalization of anonymity
9:00 Our trust on the Government 
11:40 Namuna Laws 
15:08 How to regulate Social Media?
17:30 We are guilty too
18:02 Why So Offended - Binayak Kuikel
18:23 InDepth Story - Sudip Bhai Subedi 
18:33 Project Kura - Saroj Karki 
18:41 Misguided Nepal - Amrit Thapa
18:50 Random Nepali - Rastra Bimochan Timalsina
19:21 Epilouge - Poem"
Maha Kumbh Mela | Explained in Nepali,152433,2025-02-02,4791,214,"400 million people—13 times the population of Nepal—gathering in one place to wash away their sins. Just this fact alone is astonishing. How is such a massive religious gathering planned? How is it managed? How do they make the world's largest religious human gathering possible?

Watch the video to understand how the MahaKumbh Mela is not just about religion but also about money and politics. Let us know what you think about it!

Sources: https://docs.google.com/document/d/1esgKyBmLHGozsI4oGVAUpkaD5ovVCWFASP-NxCv1gI8/edit?usp=sharing

Edited by:
Arpit Thapa Magar (https://www.instagram.com/arpit_akkun/)
Researcher:
Shailesh Bashyal (https://www.instagram.com/shailesh._.b/)
Thumbnail by: Biphson Nepali (https://www.instagram.com/biphson_nepali/)

If you are on Facebook: https://www.facebook.com/TheNepaliComment
If you are on Instagram: https://www.instagram.com/thenepalicomment
If you are on Twitter: https://twitter.com/NepaliComment"
The ULTIMATE GUIDE to Destroy Nepal,143084,2025-01-23,8510,781,"This is a tutorial on how to quickly destroy Nepal and bring this country to ruins. From supporting corruption to preventing unity, we’ve got the ultimate guide to chaos.

Watch the video to understand why we’re talking about destroying it.

(This is satire, by the way, in case you couldn’t tell.)

Edited by:
Arpit Thapa Magar (https://www.instagram.com/arpit_akkun/)
Gajun (https://www.instagram.com/jun_zzz_/)

Thumbnail by: Biphson Nepali (https://www.instagram.com/biphson_nepali/)

If you are on Facebook: https://www.facebook.com/TheNepaliComment
If you are on Instagram: https://www.instagram.com/thenepalicomment
If you are on Twitter: https://twitter.com/NepaliComment

Timestamps:

0:00 Intro 
00:27 Step 1 - Corruption is our Friend
01:29 Step 2 - One Season One Party
03:04 Step 3 - Be divided
03:45 Step 4 - Become a Blame Game Pro
04:50 Step 5 - Be Chatur
06:07 Step 6 - Only Talk 
 07:47 Step 7 - Let it Be
09:43 What should be our Prioritity"
Why British never Colonised Nepal? The Shocking Truth,156768,2025-01-17,4174,378,"As the British expanded their empire across the globe, even defeating mighty forces like the Marathas and the Sikhs, Nepal stood out as an exception. Was it the impenetrable Himalayan terrain, Nepal's fierce warriors, or a strategic decision by the British themselves?

In this video, we uncover the deeper historical, political, and geographic factors that kept Nepal free from British colonization, from the Anglo-Gorkha War to strategic trade policies and boundary disputes. 

Source: https://docs.google.com/document/d/1PxfTwpBKAJZNmJEXGWAgXPwpDLJtZt4v9PygjrP96IU/edit?usp=sharing

Birat Medical College Teaching Hospital has experienced surgeons and a multidisciplinary team to assist with neuro and spine surgeries. They provide comprehensive care for various neuro and spinal conditions.

For more information, contact:
📞 +977-9763500409 | 021-422601, 423182
Visit: https://bmcteachinghospital.com/


Edited by: Ankit Gautam (https://www.instagram.com/ankitgautam.12/)
Thumbnail by: Biphson Nepali (https://www.instagram.com/biphson_nepali/)

If you are on Facebook: https://www.facebook.com/TheNepaliComment
If you are on Instagram: https://www.instagram.com/thenepalicomment
If you are on Twitter: https://twitter.com/NepaliComment

Timestamps:

0:00 Intro
1:22 British Colony
1:49 Modern Colony
2:30 East-India Company
3:08 British Expansion 
3:41 Birat Medical College Teaching Hospital
4:53 British Interest
5:26 The Art of Colonization
6:50 Nepal’s Expansion
7:27 Clear Borders
8:10 Message to Nepal | Anglo-Nepal War
9:12 Post Sugauli Treaty
11:45 Bhimsen Thapa | Negotiation with British
13:20 Nepal Almost fought British Again
14:22 Entry of Jung Bahadur Rana
15:13 Ranas sold Wood to East India Company
16:21 Nepal-Tibet Relation | British Opportunity
17:08 Nepal’s Political Status in 1923
17:53 Ending Remarks"
Nepal’s Brain Drain wont STOP. Here’s what to do NEXT,136958,2025-01-12,4406,298,"The narrative across Nepal right now is clear: staying here feels like losing out on opportunities. Every day, thousands of Nepalis leave, most of them from the working class. It’s easy to think this migration is a problem we need to stop. But here’s the truth: migration of this nature has never stopped anywhere in the world.

So, what do we do next? Instead of fighting the inevitable, we need to embrace the power of the Nepali diaspora. By creating stronger connections with Nepalis abroad, we can explore how their skills, investments, and networks can benefit Nepal.
That said, while the diaspora has the potential to help, it’s not inherently so. How can we ensure their involvement truly uplifts Nepal? Watch the video to understand the opportunities and the challenges of turning migration into a force for positive change.

Edited by:
Arpit Thapa Magar (https://www.instagram.com/arpit_akkun/)
Gajun (https://www.instagram.com/jun_zzz_/)

Thumbnail by: Biphson Nepali (https://www.instagram.com/biphson_nepali/)

If you are on Facebook: https://www.facebook.com/TheNepaliComment
If you are on Instagram: https://www.instagram.com/thenepalicomment
If you are on Twitter: https://twitter.com/NepaliComment

Timestamps:
0:00 Intro
1:29 How is Diaspora formed
2:00 Stages of Diaspora
2:34 First Stage: Forming
4:41 Second Stage: Establishing
5:48 Third Stage: Established
8:08 Fourth Stage: Advancing
10:03 Fifth Stage: Matured
11:13 Challenges
12:48 Danger of Relation being Cut-off
13:48 Ending Remarks"
Inside the Secret World of Nepali Maoist,207915,2025-01-04,5034,455,"From 2052 to 2063, Nepal was engulfed in a brutal civil war between the Prachanda-led Maoists and the King-led Royal Nepali Army. This conflict claimed thousands of lives, displaced millions, and left an indelible mark on the nation’s history. But how did a rebel movement on such an unprecedented scale come to life?

In this video, we take you *inside the secret world of the Nepali Maoists* — uncovering how they planned, strategized, and motivated everyday citizens to join their cause. What drove them to challenge the monarchy, and how did they rally people under the vision of democracy?

Join us as we explore the human side of this conflict and the secrets behind one of Nepal’s most turbulent times.

Source: https://docs.google.com/document/d/1_pAudH6nYnGlNS_edtEPM6SfcZdSoFCrtICmeqqgix0/edit?usp=sharing

Edited by:
Arpit Thapa Magar (https://www.instagram.com/arpit_akkun/)
Gajun (https://www.instagram.com/jun_zzz_/)

Thumbnail by: Biphson Nepali (https://www.instagram.com/biphson_nepali/)

If you are on Facebook: https://www.facebook.com/TheNepaliComment
If you are on Instagram: https://www.instagram.com/thenepalicomment
If you are on Twitter: https://twitter.com/NepaliComment

Timestamps:
0:00 Intro
1:56 Maoist Structure
4:35 United Front
6:03 Hierarchy & Division
7:01 How Maoist Army Fought
9:04 Prachandapath
9:48 Strategic Changes
10:55 Stalemate
11:51 Fighters Were Human
12:27 Training and Use of Songs
13:20 Inclusiveness
13:51 War Planning
14:31 Ganeshpur Attack
16:10 Khara Attack
19:40 Pili Attack 
22:19 What we are actually saying 
23:29 Pradip Giri"
This is WHY we will go to MARS | The Nepali Comment,223367,2024-12-25,6472,393,"Everyone’s been saying it for years – Mars is our best shot at a second home. The red planet, the closest thing we’ve found to Earth, has become the ultimate gamble for humanity. For Elon Musk, it’s a trillion-dollar obsession. But what’s really at stake? Survival? Bragging rights? Or something bigger? Let’s dive into the story behind humanity’s boldest bet yet.

Sources: https://docs.google.com/document/d/1m8FsB7ToshhR2FW9IB0r6-S9c9JzSTzcFOaeTxJ3_AQ

Ultima Boom 181: https://bit.ly/49QRdZM

Edited by:
Arpit Thapa Magar (https://www.instagram.com/arpit_akkun/)
Gajun (https://www.instagram.com/jun_zzz_/)
Ankit Gautam (https://www.instagram.com/ankitgautam.12/)

Thumbnail by: Biphson Nepali (https://www.instagram.com/biphson_nepali/)

If you are on Facebook: https://www.facebook.com/TheNepaliComment
If you are on Instagram: https://www.instagram.com/thenepalicomment
If you are on Twitter: https://twitter.com/NepaliComment

Timestamps:

0:00 Intro
0:29 Civilization on Mars
2:06 Why Mars 
3:28 Ultima Boom 181
4:24  Why go
6:37 Lets go
8:35 Mars is dangerous
11:27 The Settlement
13:20 Cost  
14:04 Elon Baba
15:29 Expert Opinion"
Why Nepal is so CORRUPT ?,151521,2024-12-22,4885,356,"Dive deep into the hidden mechanisms behind corruption in Nepal, exploring how systemic flaws, psychological factors, and societal norms perpetuate unethical practices. In this video, we break down the key concepts of corruption through the lens of:

Psychology of Corruption – Discover how individual beliefs, motivations, and moral justifications drive corrupt behavior and create a cycle that is tough to break.

Principal-Agent Theory – Understand the misalignment of incentives between those in power (agents) and the citizens they represent (principals). We’ll show how this gap fosters a culture where personal gain overshadows public service.

Collective Action Problem – Learn why collective efforts to fight corruption often fail, and how lack of trust, coordination, and mutual accountability keep honest citizens on the sidelines.

Role of Society – See how cultural values, social expectations, and daily interactions contribute to normalized corruption, making it more complex to eradicate.

By unraveling these interconnected factors, we aim to spark critical thinking and open up a conversation on the necessary reforms and mindset shifts. Join us to examine what keeps corruption alive—and what it will take to truly break the cycle in Nepal.

Sources: https://docs.google.com/document/d/19aP8Y6C4xw6MzrzQW0A533-8AkaUNmnfOA_yG_X61KE/edit?usp=sharing

Esewa Care Insurance: https://blog.esewa.com.np/esewa-care/

Edited by: 
Gajun (https://www.instagram.com/jun_zzz_/)
Ankit Gautam (https://www.instagram.com/ankitgautam.12/)
Arpit Thapa Magar (https://www.instagram.com/arpit_akkun/)

Thumbnail by: Biphson Nepali (https://www.instagram.com/biphson_nepali/)

Timestamp:
0:00 Intro
0:31 Sekuwa Kanda
1:30 Corruption
3:00 Principal- Agent Theory
4:45 Esewa Care Insurance
5:38 Corruption becomes the Norm
6:50 Saathi Kanda
8:36 Dudh Pokhari Kanda
9:40 Collective Action Problem
11:59 Georgia (not) Kanda
13:22 Reforms of Georgia
15:20 Hamro Kanda"
"Hari Bahadur, Memes and Hypocrisy of Nepali Society",137137,2024-12-14,4237,273,"MaHa Jodi gave us Hari Bahadur, a character who still makes us laugh and keeps popping up in memes even today. But have you ever wondered why he never evolves? 

Most characters in stories go through change—they grow, learn, or transform. But not Hari Bahadur. He’s always the same thag badmas, creating chaos wherever he goes.

And what makes him so funny even after all these years? Let’s dive in and figure it out together.


12.12 ULTIMA GRAND SALE IS LIVE!
Flat 12% + Extra 6% OFF on all Ultima Products, only on Daraz!
🎯 Ultima Watch Flex: First 500 units @ ₹2599
📅 Sale: 12-18 Dec.
Shop Now!

Let's connect :

If you are on Facebook: [https://www.facebook.com/dipesh.tripathi.35.]
If you are on Twitter: [https://twitter.com/NepaliComment]
If you are on Instagram: [https://www.instagram.com/dipesh.trip/]

Edited by: 
Arjun Tiruwa (https://www.instagram.com/dare4yt/)
Arpit Thapa Magar (https://www.instagram.com/arpit_akkun/)
Gajun (https://www.instagram.com/jun_zzz_/)

Thumbnail by: Biphson Nepali (https://www.instagram.com/biphson_nepali/)

TImestamp:

0:00 Meme world
0:34 Ma Hari Bahadur
1:42 Sitcom-Situational Comedy
3:22 Scam 1992 - Arc 
3:53 Saas bhi kabhi Bahu thi
4:13 Set Traits 
5:20 Friends
5:36 Meri Bassai - 900 episodes
6:03 Ultima - Daraz 12.12
7:05 Format of Hari Bahadur
7:44 Dhunge Bagara 
9:06 Greedy Hari Bahadur
10:07 Hypocrite Hari Bahadur
10:43 Envious Hari Bahadur
11:36 Change in Hari Bahadur?
12:10 Love Life - Hari Bahadur
12:52 Never Changing Hari Bahadur
13:50 Buddhi Ghaite Hari Bahadur
15:06 Lesser Known Childhood
16:30 What Hari Bahadur really wants?
17:31 Ending of Hari Bahadur"
The Truth Behind Nepal's BRI Projects,234331,2024-12-06,6296,667,"In this video, we talk about the Belt and Road Initiative, how the popular narrative is that Sri Lanka was debt-trapped by China, and how it’s repeating in Nepal. But the larger mass is missing something fundamentally important. That’s what we talk about in this video.

Sources:
https://docs.google.com/document/d/12roE1ZH6pLhKaL7j9olqoSNNASAc4i3ghNzLQ8ZOZb0/edit?usp=sharing

Birat Cancer Institute's cancer helpline is available 24x7:
+977 9851153692 (Call or WhatsApp) for free consultation with experts 
Free flight for cancer patients
As part of its commitment to supporting patients, Birat Cancer Institute has partnered with Yeti Airlines to launch the Wings of Hope campaign. This initiative provides free two-way flights, including connecting flights, for cancer patients from any part of Nepal to Birat Cancer Institute.
So call now for a consultation with a doctor.

Let's connect :

If you are on Facebook: [https://www.facebook.com/dipesh.tripathi.35.]
If you are on Twitter: [https://twitter.com/NepaliComment]
If you are on Instagram: [https://www.instagram.com/dipesh.trip/]


Edited by: 
Arpit Thapa Magar (https://www.instagram.com/arpit_akkun/)
Gajun (https://www.instagram.com/jun_zzz_/)

Thumbnail by: Biphson Nepali (https://www.instagram.com/biphson_nepali/)

Timestamp:
0:00 Intro
1:51 The Origin of BRI
4:12 Birat Cancer Institute
5:12 The Rise of BRI
6:28 Nepal in BRI and its dilema
12:50 Reality of Sri Lanka's Hambantota Port
19:35 Outro"
Kathmandu will soon BURN (and why no one cares ),160476,2024-11-28,5152,165,"Kathmandu Valley is growing, but are we prepared for one of the most destructive disasters—fire? 🚒🔥 In this video, we uncover the alarming lack of preparedness to tackle fire incidents in homes and commercial spaces across the valley.

We visited the Lalitpur Fire Brigade for exclusive access to their operations and talked to firefighters about the daily challenges they face with limited resources. As fire incidents rise, it's clear there’s an urgent need for action to improve infrastructure, training, and public awareness.

Sources: 
https://docs.google.com/document/d/1lwvpcAHktqs4hCg8iXIqLOKQ1la1-Yvj55t83OJ7xRk/edit?usp=sharing

Worldlink Festive कारNIVAL Offer:
https://worldlink.com.np/worldlink-dashain-offer-festive-carnival/

Let's connect :

If you are on Facebook: [https://www.facebook.com/dipesh.tripathi.35.]
If you are on Twitter: [https://twitter.com/NepaliComment]
If you are on Instagram: [https://www.instagram.com/dipesh.trip/]


Edited by:
Arpit Thapa Magar (https://www.instagram.com/arpit_akkun/)
Gajun (https://www.instagram.com/jun_zzz_/)

Thumbnail by: Biphson Nepali (https://www.instagram.com/biphson_nepali/)

Timestamp:
0:00 Intro
03:55 Worldlink Festive Offer
05:03 Fire and Humanity
05:35 Heat Triangle
06:20 LPG Cylinder
08:00 History of Fire Stations in Nepal
09:07 What's Inside a Fire Truck
11:11 Fire Brigade 
12:35 Fire Fighter Preparedness
13:47 Lack of Preparation
14:14 High Rise Buildings
15:30 More Fire
16:11 Crucial Response Time
17:50 Number of Fire Station?
19:00 What NEXT?"
Puskar Shah: The Nepali Cyclist who travelled the world in cycle #thenepalicomment,46152,2024-11-27,2708,12,
"Unlike 5 years ago, why is Ashika Tamang choosing such an aggressive method of confrontation now?",37238,2024-11-26,1509,13,
How real estate mafia work in Nepal #thenepalicomment,115240,2024-11-26,6427,56,
"Thousands die in road accident every year in Nepal, still no proper action is taken#thenepalicomment",9384,2024-11-26,635,10,
Why are we rooting for Ashika Tamang? #thenepalicomment,5749,2024-11-13,387,7,
Are Ashika Tamang's bold but controversial methods the way to solve these problem? #thenepalicomment,12947,2024-11-13,787,25,
Hidden Poison in Nepali Homes | The Nepali Comment,310685,2024-11-08,10457,879,"Lead poisoning has become a critical, yet overlooked issue in Nepal. Despite government guidelines limiting lead content in products like paint, many manufacturers are neglecting these regulations, using dangerously high levels of lead. This puts millions of Nepali people—especially children—at serious risk. Lead exposure can cause devastating health effects, including developmental issues in children, kidney damage, and even death.

In this video, we dive into the alarming rise of lead poisoning in Nepal, the industries responsible, and the shocking reality of how widespread this problem could soon become. With so few people aware of the dangers, it’s more important than ever to shed light on this issue and push for stronger enforcement of regulations. Join us as we explore how this hidden threat is putting the entire country at risk and what we can do to help protect our communities.

Help spread awareness by sharing this video and subscribing for more content on critical health and environmental issues. Together, we can make a difference.
Source: https://docs.google.com/document/d/1nqhAo1pGhDDXn1LG7Mp2-Np4cy7eFOs5NXk3hrtWpJs/edit?usp=sharinged

Special thanks to Aavash Subedi for the insightful information on lead contamination. 
(https://www.linkedin.com/in/aavashsubedi/)

Ultima Offer: https://bit.ly/3Csvf2w

Let's connect :

If you are on Facebook: [https://www.facebook.com/dipesh.tripathi.35.]
If you are on Twitter: [https://twitter.com/NepaliComment]
If you are on Instagram: [https://www.instagram.com/dipesh.trip/]


Edited by: 
Arpit Thapa Magar (https://www.instagram.com/arpit_akkun/)
Gajun (https://www.instagram.com/jun_zzz_/)

Thumbnail by: Biphson Nepali (https://www.instagram.com/biphson_nepali/)

Timestamp:
0:00 Intro
01:08 Quiz
01:50 Extreme Lead Contamination
03:38 What is Lead?
04:42 Ultima Offer
05:54 Why Lead is so dangerous?
07:25 Risky Blood Lead Level
08:38 Why Children are at bigger risk
09:15 The Risky Paints
13:01 Other Risky Products
15:25 Why is it happening?
16:52 Regulations in Nepal
17:30 Schools at Risks
18:45 What to do next?"
Why Russia used it's VETO power to stop Nepal's application to UN #thenepalicomment #nepalrussia,71374,2024-10-29,2182,56,
Ashika Tamang Exposed,524979,2024-10-24,16764,1468,"Ashika Tamang has become a social media sensation for her fierce fight against illegal practices in Nepal. Her short temper and aggressive approach have sparked widespread debate, with some praising her boldness while others criticize her for making everything sensational just for virality. In this video, we explore Ashika's motivations and whether her controversial methods—despite being rooted in good intentions—might actually undermine the cause she’s fighting for. Does her style promote real change, or is it setting a dangerous precedent? Let’s dive into the discussion.

#AshikaTamang #Nepal #ViralControversy #IllegalPractices #socialmedia 

Birat Medical College Teaching Hospital in Biratnagar is urgently hiring 1000 nurses to support patient care.

If you are a nurse or know someone qualified, send your CV to hr@bmcteachinghospital 
or contact : 9869180562
📧 Apply now: hr@bmcteachinghospital
Call : 9869180562

Let's connect :

If you are on Facebook: [https://www.facebook.com/dipesh.tripathi.35.]
If you are on Twitter: [https://twitter.com/NepaliComment]
If you are on Instagram: [https://www.instagram.com/dipesh.trip/]


Edited by: 
Arpit Thapa Magar (https://www.instagram.com/arpit_akkun/)
Gajun (https://www.instagram.com/jun_zzz_/)

Thumbnail by: Biphson Nepali (https://www.instagram.com/biphson_nepali/)

Timestamp:
0:00 Intro
1:30 Ashika Tamang's Past
4:56 Vacancy
5:27 Right or Wrong?
8:44 Why are people supporting her
9:40 mistakes
10:45 Real Change
13:30 Real Issues
14:44 Sensationalism
15:10 Tea Paradox
16:44 Us vs Them
17:40 Right Approach
19:10 Real Solution"
The Science Behind why we FALL in LOVE #thenepalicomment,7345,2024-10-24,426,10,
Nepal's Greatest Successful Project,278173,2024-10-19,7961,296,"UPDATE: We normally credit the actual owner of the video footage used in the video as it takes massive resources and hard work to shoot those. We made a big mistake by not crediting and we should not be making such errors. We will link all the footages that have been used in the video that belong to other creators.

Herne Katha:
सम्बन्ध सेतु १:https://youtu.be/Aj_hnge3vBA?si=IrdiAcMwpJnBQK9h
सम्बन्ध सेतु २:https://youtu.be/-dkOZDZF7jQ?si=8QZ3U-UFwoqiMHEJ
सम्बन्ध सेतु ३: https://youtu.be/ve3N7fLF75Y?si=IRcy9GnpXG8kwNuw

Nepal economic crisis: ‘व्यापार नै छैन…’- बीबीसी न्यूज नेपाली: https://www.youtube.com/watch?v=qePgZhRilyA
Beijing increases its influence in Nepal • FRANCE 24 English: https://www.youtube.com/watch?v=LsjxV6Lr2H4
I Visited Mount Everest Base Camp- Luke Korns: https://youtu.be/fHh29py_Uoc?si=V_X86_ZfxqKWCcym
Nepal's Maternal Mortality Crisis- Al jazeera English: https://youtu.be/1pZhsu5TZ-o?si=OHRv0hmStsd6CwgX 

Delve into the fascinating story of Nepal’s trail bridge network, which began as a simple yet transformative innovation. This remarkable system of bridges has not only connected remote villages, once cut off from the broader world, but has also ignited a socio-economic revolution. By linking isolated communities, it has unlocked a wealth of unprecedented opportunities, enabling access to markets, education, and healthcare. Despite the immense challenges and uncertainty that accompanied its development, the trail bridge network has proven to be a lifeline, fostering resilience and hope among the people it serves.

Source: https://docs.google.com/document/d/19d9DwmKkR8lB3f76GXGh1yXgCuz-qBnKOGKjqjjHVGI/edit?usp=sharing


Birat Medical College Teaching Hospital in Biratnagar is urgently hiring 1000 nurses to support patient care.

If you are a nurse or know someone qualified, send your CV to hr@bmcteachinghospital 
or contact : 9869180562
📧 Apply now: hr@bmcteachinghospital
Call : 9869180562

TNC Debate on @TNCUnscripted :
https://docs.google.com/forms/d/e/1FAIpQLScI0BWggt0z7evPmRNuzHTVPaM1h99GfBm3UZsG4ZtjD-ZT9A/viewform?usp=send_form

Let's connect :

If you are on Facebook: [https://www.facebook.com/dipesh.tripathi.35.]
If you are on Twitter: [https://twitter.com/NepaliComment]
If you are on Instagram: [https://www.instagram.com/dipesh.trip/]

Edited by: 
Arpit Thapa Magar (https://www.instagram.com/arpit_akkun/)
Gajun (https://www.instagram.com/jun_zzz_/)

Thumbnail by: Biphson Nepali (https://www.instagram.com/biphson_nepali/)

Timestamp:

0:00 Travel to the past 
2:37 Nepal: Country Of Trail Bridges
3:42 Conquering Rivers
5:34 Vacancy Announcement
6:20 Trail Bridges in Rana’s Time
7:38 Toni Hagen & HELVETAS
9:48 Challenges to Progress
11:13 Bridge Building At Local Level
13:20 Trail Bridge Strategy
14:28 Trail Bridge Types
16:42 Rapid Local Success
18:57 Handbook, Manual and Training
21:35 Impact of Trail Bridges
24:52 Mindset for Action
27:00 Special Announcement"
The first photo studio of Nepal #thenepalicomment #nepalihistory,64742,2024-10-18,3511,13,
Why Infertility is increasing in Nepali men #thenepalicomment,6966,2024-10-11,424,4,
When Prachanda created Fake Maoist at Cantonment,10481,2024-10-09,599,8,
Nepal's Biggest Plane Crash,126495,2024-10-06,3945,173,"In this video, we explore the devastating crash of Pakistan International Airlines (PIA) Flight 268, Nepal's worst aviation disaster. On September 28, 1992, the Airbus A300B4 tragically crashed into the hills surrounding Kathmandu while attempting to land at Tribhuvan International Airport. All 167 people on board, including passengers and crew, lost their lives.

We delve into the events leading up to the crash, examining the weather conditions, communication issues, and possible reasons behind this tragic accident. 

Festive कारNIVAL WorldLink Dashain Offer: https://worldlink.com.np/worldlink-dashain-offer-festive-carnival/

Let's connect :

If you are on Facebook: [https://www.facebook.com/dipesh.tripathi.35.]
If you are on Twitter: [https://twitter.com/NepaliComment]
If you are on Instagram: [https://www.instagram.com/dipesh.trip/]


Edited by: 
Gajun (https://www.instagram.com/jun_zzz_/)
Ankit Gautam (https://www.instagram.com/ankitgautam.12/)

Additional Edit:
Arpit Thapa Magar (https://www.instagram.com/arpit_akkun/)
Himal Joshi (https://www.instagram.com/drew.justinn_/)


Thumbnail by: Biphson Nepali (https://www.instagram.com/biphson_nepali/)"
Why Nepali stopped flying Kites in Sky,11822,2024-10-06,1029,16,
Why Laxmi Prasad Devkota was poor #thenepalicomment,293765,2024-10-04,15234,96,
How Chandra Shumsher became the Prime Minister of Nepal #thenepalicomment #historyofnepal,127829,2024-10-01,3554,28,
When Soviet Union Stopped Nepal from UN Membership,146118,2024-09-29,5049,338,"Uncover Nepal's secret war with the Soviet Union and the impact on its UN membership and geopolitics during the Cold War. Learn more in this video!

Source:
https://drive.google.com/drive/folders/1S0mhjHX51AmkFBl8YhcxIxXMsbpKbLr4?usp=sharing

Ultima Dashain Mela: https://ultima.com.np/

Let's connect:
If you are on Facebook: [https://www.facebook.com/dipesh.tripathi.35.]
If you are on Twitter: [https://twitter.com/NepaliComment]
If you are on Instagram: [https://www.instagram.com/dipesh.trip/]
Edited by: 
Gajun (https://www.instagram.com/jun_zzz_/)
Ankit Gautam (https://www.instagram.com/ankitgautam.12/)
Thumbnail by: Biphson Nepali (https://www.instagram.com/biphson_nepali/)"
The history of gorkhapatra #history #thenepalicomment #facts #gorkhapatra #nepalihistory,77380,2024-09-27,2939,22,
The Success Story of Goldstar Shoes #thenepalicomment #tncunscripted #goldstarshoes #madeinnepal,77533,2024-09-26,4073,41,
Why Nepali flag was changed 4 times #history #thenepalicomment #tncunscripted #nepaliflag,639970,2024-09-23,36391,234,
Rabi Lamichhane: Clean Chit or Guilty in Sahakari Case?,220754,2024-09-18,4695,398,"In this video, we dive deep into the controversy surrounding Rabi Lamichhane, leader of the Rastriya Swatantra Party (RSP) and former Managing Director of Galaxy 4K TV. Allegations have surfaced linking him to a major cooperative scam involving his business partner GB Rai, the owner of Galaxy 4K TV. With political power at play, this issue sparked a heated debate in Nepal’s parliament, leading opposition parties to demand a constitutional committee investigation. After a lengthy 3-month probe, the committee’s final report has only fueled further confusion and debate. Is Rabi Lamichhane guilty, or is he being unfairly targeted? Join us as we explore both sides of the story, break down the investigation's findings, and discuss what this could mean for Nepal’s political future.

#RabiLamichhane #CooperativeScam #NepalPolitics #RSP #GBRai #Galaxy4KTV #NepalParliament #PoliticalControversy #investigations 

Sources: https://docs.google.com/document/d/1oIv7KaOHqY0PNoU-3-UR1Y75mGVzWhgYKJa0PvQm99c/edit?usp=sharing

Let's connect :

If you are on Facebook: [https://www.facebook.com/dipesh.tripathi.35.]
If you are on Twitter: [https://twitter.com/NepaliComment]
If you are on Instagram: [https://www.instagram.com/dipesh.trip/]


Research by:
Parash Bikram Khadka (https://instagram.com/parashbikramk/)

Edited by: 
Arpit Thapa Magar (https://www.instagram.com/arpit_akkun/)
Gajun (https://www.instagram.com/jun_zzz_/)
Ankit Gautam (https://www.instagram.com/ankitgautam.12/)

Sub Editors:
Kushal Dahal: (https://www.instagram.com/_kushaldahal)
Sarfaraz: (https://www.instagram.com/hussain.sah.hib)

Thumbnail by: 
Biphson Nepali (https://www.instagram.com/biphson_nepali/)
Milan Chhetri ( Biphson Designs )"
How Powerful is Nepali Army? (3D Animated),485409,2024-09-13,14815,864,"We always wonder how powerful Nepal’s army truly is. In this video, we explore the might, discipline, and strategic role of Nepal’s military, from the rugged high-altitude terrain they defend to their global peacekeeping missions. We aim to uncover the full extent of their capabilities. 

The sheer might of the Nepali Army is brought to life with 3D visualizations, a challenge for our devices but worth the effort to showcase their strength and precision. Stay tuned as we reveal the real power behind Nepal’s army, beyond just numbers, and explore what makes them a force to be reckoned with.

The Two Faces of Nepal Army : https://www.youtube.com/watch?v=N2bErEZRUZ0&ab_channel=TheNepaliComment

Source: https://docs.google.com/document/d/1RAl5fwHCShPH-nKWQiw6P3fPX5qGJIPxNf6Y5pTq55Q/edit?usp=sharing


Birat Cancer Institute's cancer helpline is available 24x7:
+977 9851153692 (Call or WhatsApp) for free consultation with experts 
Free flight for cancer patients
As part of its commitment to supporting patients, Birat Cancer Institute has partnered with Yeti Airlines to launch the Wings of Hope campaign. This initiative provides free two-way flights, including connecting flights, for cancer patients from any part of Nepal to Birat Cancer Institute.
So call now for a consultation with a doctor.

Let's connect :

If you are on Facebook: [https://www.facebook.com/dipesh.tripathi.35.]
If you are on Twitter: [https://twitter.com/NepaliComment]
If you are on Instagram: [https://www.instagram.com/dipesh.trip/]

Edited by: 
Arpit Thapa Magar (https://www.instagram.com/arpit_akkun/)

Animation by:
Gajun (https://www.instagram.com/jun_zzz_/)
Arpit Thapa Magar (https://www.instagram.com/arpit_akkun/)
Thumbnail by: Biphson Nepali (https://www.instagram.com/biphson_nepali/)

Timestamp:
0:00 Intro
1:30 Birat Cancer Institute
2:45 Number
4:46 Air 
6:25 Land
7:46 Weapons
8:22 Water 
9:03 Money
10:00 Outro"
Nepal's First Recorded Earthquake #history#nepal #earthquake,313825,2024-09-12,12839,43,
When China gifted Special Great Wall Cigar to Nepal #history#nepal #thenepalicomment#kingbirendra,27575,2024-09-10,1471,6,
Nepal's Hidden Health Crisis: The Infertility Epidemic,161182,2024-09-07,5191,330,"The mental and physical barriers around infertility are often overlooked, but Nepali couples are more vulnerable to this issue than many realize.

A significant factor is the harsh working conditions men endure abroad, particularly in Gulf countries, where long hours in extreme heat take a heavy toll on their health.
Back home, the stigma and pressure on couples who can't conceive further intensify the mental and emotional burden.

The challenges are real and complex. In this video, we delve into the reasons behind infertility and the silent struggles many face.

Special Offer: First 1000 Orders Only Rs. 2699!
Buy you Ultima Marvel Speaker from here : https://ultima.com.np/shop/ultima-marvel-speaker/?attribute_pa_color=black


Let's connect :

If you are on Facebook: [https://www.facebook.com/dipesh.tripathi.35.]
If you are on Twitter: [https://twitter.com/NepaliComment]
If you are on Instagram: [https://www.instagram.com/dipesh.trip/]


Edited by: 
Gajun (https://www.instagram.com/jun_zzz_/)
Ankit Gautam (https://www.instagram.com/ankitgautam.12/)

Thumbnail by: Biphson Nepali (https://www.instagram.com/biphson_nepali/)"
When Maoist buried a Journalist ALIVE 😱,226975,2024-08-20,5786,378,"In this video, we explore one of the most chilling and controversial cases in Nepal's history—the murder of Dekendra Thapa, a journalist, by Maoist forces during the country’s brutal civil war. Kidnapped, beaten, and possibly buried alive, this journalist's tragic death remained shrouded in mystery for years. His body was never found, leaving his family and the nation in agonizing suspense.

However, nearly half a decade later, secret information led to the discovery of his remains, igniting widespread outrage and mass protests across Nepal. The case marked a turning point in the country’s turbulent transition from conflict to peace. By then, the Maoists had abandoned their violent struggle and had become a key force in the Nepali government. Despite their influence, they couldn’t stop the wheels of justice from turning.

This video delves into the legal battle that ensued, one of the first trials to address the war crimes committed during Nepal's decade-long conflict. We examine the significance of this case, its impact on Nepal's fragile peace process, and what it means for the country's future. Join us as we uncover the truth behind the murder that shook a nation and explore the broader implications of this landmark trial.

Source: https://docs.google.com/document/d/1Xyh2yYPpWJzpXMvTjLTdN7FwbNb210eMc-WXq0ebGHc/edit?usp=sharing

Limited 48 Hours Deal on Ultima Circle 2.0 just for TNC Family. Get an Extra Flat 300 Off on Circle 2.0. Book Now: https://bit.ly/3As6d2F

Let's connect :

If you are on Facebook: [https://www.facebook.com/dipesh.tripathi.35.]
If you are on Twitter: [https://twitter.com/NepaliComment]
If you are on Instagram: [https://www.instagram.com/dipesh.trip/]


Edited by: 
Ankit Gautam (https://www.instagram.com/ankitgautam.12/)
Gajun (https://www.instagram.com/jun_zzz_/)

Thumbnail by: Biphson Nepali (https://www.instagram.com/biphson_nepali/)"
Why Nepal is so POOR at SPORTS?,181084,2024-08-12,6030,538,"Nepal has been participating in the Olympics for decades, but no medal has ever come home. 
Is it politics, lack of resources, players' incompetence, or something deeper? 
This video explores the challenges and whether the dream of winning is out of reach or still possible.

Source: https://docs.google.com/document/d/1uEqcWPFp5Ufji5813ajI7vICeCQJePwszXyAw1GXTFo/edit?usp=sharing

Birat Cancer Institute: https://bmcteachinghospital.com/centres-of-excellence/centre-for-cancer/
Call +977-9851153692 for further counseling. 

Let's connect :

If you are on Facebook: [https://www.facebook.com/dipesh.tripathi.35.]
If you are on Twitter: [https://twitter.com/NepaliComment]
If you are on Instagram: [https://www.instagram.com/dipesh.trip/]


Research by:
Saugat Acharya (https://www.facebook.com/saugat.acharya.1004)

Edited by: 
Arpit Thapa Magar (https://www.instagram.com/arpit_akkun/)
Gajun (https://www.instagram.com/jun_zzz_/)

Thumbnail by: Biphson Nepali (https://www.instagram.com/biphson_nepali/)"
Nepal's BIGGEST SUCCESS in SPORTS,147262,2024-08-07,5169,135,"Join us as we dive into the remarkable journey of Bidhan Lama, one of Nepal's finest athletes and a Taekwondo legend. Discover how Bidhan Lama rose through the ranks, clinching numerous medals at prestigious international tournaments and making history with a Bronze medal at the 1988 Olympics. Though Taekwondo was a demonstration event that year and his achievement wasn't recorded on Nepal's official medal tally, Bidhan Lama's legacy and contributions to the sport remain unparalleled. This is an inspiring story of determination, skill, and national pride.

Let's connect :

If you are on Facebook: [https://www.facebook.com/dipesh.tripathi.35.]
If you are on Twitter: [https://twitter.com/NepaliComment]
If you are on Instagram: [https://www.instagram.com/dipesh.trip/]

Edited by: 
Gajun (https://www.instagram.com/jun_zzz_/)
Arpit Thapa Magar (https://www.instagram.com/arpit_akkun/)
Ankit Gautam (https://www.instagram.com/ankitgautam.12/)

Thumbnail by: Biphson Nepali (https://www.instagram.com/biphson_nepali/)

Ultima Lifestyle: (https://ultima.com.np/)"
Chandra Shumsher: Brutal Dictator or Great Leader?,278810,2024-08-01,7191,196,"Explore the complex legacy of Chandra Shumsher Jang Bahadur Rana, the influential Prime Minister of Nepal during the early 20th century. Was he a visionary leader or a tyrant? In this video, we delve into his pivotal role in modernizing Nepal, securing its status as a sovereign nation with the help of Britain, and the construction of significant infrastructure. However, his tenure was also marked by strict policies that stifled education and freedom of speech and served the interests of the Rana family. Join us as we analyze the duality of his rule and its impact on Nepal's history. Don't forget to like, comment, and subscribe for more insights into Nepal's rich history and influential figures!


Sources: https://docs.google.com/document/d/1kShwB6jY_LbawXxjd1TI9rR_WrsVMy7ZIxzj1Sgfprc/edit?usp=sharing

Let's connect :

If you are on Facebook: [https://www.facebook.com/dipesh.tripathi.35.]
If you are on Twitter: [https://twitter.com/NepaliComment]
If you are on Instagram: [https://www.instagram.com/dipesh.trip/]

Edited by: 
Arpit Thapa Magar (https://www.instagram.com/arpit_akkun/)

Thumbnail by: Biphson Nepali (https://www.instagram.com/biphson_nepali/)"
Nepali Game of Thrones?,245345,2024-07-09,7440,421,"Nepali politics is a never-ending saga of power struggles and frequent government changes. In this video, we delve into the chaotic political landscape of Nepal, exploring the relentless game of thrones between rival parties. Discover how constant leadership shifts, political infighting, and short-lived coalitions have created a state of perpetual instability. We'll take you behind the scenes to understand the tactics, betrayals, and alliances that define Nepali politics. Join us for a candid look at why the political scene in Nepal is so turbulent and why it seems impossible for any government to maintain stability for long.

Ultima Lifestyles: https://ultima.com.np/

Let's connect :

If you are on Facebook: [https://www.facebook.com/dipesh.tripathi.35.]
If you are on Twitter: [https://twitter.com/NepaliComment]
If you are on Instagram: [https://www.instagram.com/dipesh.trip/]

Edited by: 
Arpit Thapa Magar (https://www.instagram.com/arpit_akkun/)
Himal Joshi (https://www.instagram.com/drew.justinn_/)
Ankit Gautam (https://www.instagram.com/ankitgautam.12/)

Thumbnail by: Biphson Nepali (https://www.instagram.com/biphson_nepali/)"
"Nepal Tibet War, Explained",172949,2024-07-03,4876,717,"Join us as we delve into the complex and often controversial history of Nepal-China relations. Spanning over a thousand years, this story is marked by periods of both alliance and betrayal, cooperation and conflict. From ancient trade routes and cultural exchanges to modern-day political maneuvering, the relationship between these two nations has shaped the region in profound ways.


Let's connect :

If you are on Facebook: [https://www.facebook.com/dipesh.tripathi.35.]
If you are on Twitter: [https://twitter.com/NepaliComment]
If you are on Instagram: [https://www.instagram.com/dipesh.trip/]

Research by:
Saugat Acharya (https://www.facebook.com/saugat.acharya.1004)


Edited by: 
Arpit Thapa Magar (https://www.instagram.com/arpit_akkun/)
Himal Joshi (https://www.instagram.com/drew.justinn_/)


Thumbnail by: Biphson Nepali (https://www.instagram.com/biphson_nepali/)"
The FUTURE of The Nepali Comment,52812,2024-07-03,3585,184,An important decision for The Nepali Comment
The Politics of Chuche Naksa,235879,2024-06-15,7013,547,"In this revealing video, we delve into the contentious release of Nepal's new map, Chuche Naksa, which was ratified by a full majority in the parliament in 2020. This map, asserting Nepal's claim over Lipulekh, Limpiyadhura, and Kalapani, challenges decades of Indian control over these territories—land that historically belongs to Nepal.

Despite the bold declarations and political grandstanding by Nepali politicians, the issue remains unresolved, exposing a troubling hypocrisy. These leaders leverage the border dispute for political gain and to maintain power, but their efforts in diplomatic negotiations with India are conspicuously absent. Is this just political rhetoric, or are they truly committed to reclaiming Nepal's land?

Join us as we uncover the political maneuvering behind the Chuche Naksa, scrutinize the speeches versus the actions of Nepali politicians, and discuss the implications for Nepal-India relations.

Source: https://docs.google.com/document/d/1V3xijg-RaydFYTGbo0kI4DuHnfqK6KOENgI9mRm55Q8/edit?usp=sharing

Let's connect :

If you are on Facebook: [https://www.facebook.com/dipesh.tripathi.35.]
If you are on Twitter: [https://twitter.com/NepaliComment]
If you are on Instagram: [https://www.instagram.com/dipesh.trip/]

Research by:
Parash Bikram Khadka (https://instagram.com/parashbikramk/)
Edited by: 
Arpit Thapa Magar (https://www.instagram.com/arpit_akkun/)

Thumbnail by: Biphson Nepali (https://www.instagram.com/biphson_nepali/)

Worldlink Megaboost offer: 

Here's how it works:
1. Go to myWorldLink app
2. Click on the Banner of MEGA BOOST (the Banner will be displayed based on the eligibility of the username )
3. Choose your desired days to boost your speed. ( 2 days, 5 days, 15 days or for your remaining days)
4. Now make your payment via Khalti
5. After successful payment, your speed now doubles as per your selection) 

Don’t miss out on this incredible opportunity to supercharge your internet experience. Contact WorldLink Communications today to activate MEGA BOOST and enjoy the benefits of high-speed internet instantly!"
Why Kathmandu needs METRO TRAIN,354952,2024-06-10,9951,687,"In this video, we dive deep into Kathmandu's traffic congestion nightmare and its severe pollution and health crisis. Residents lose valuable time in traffic daily, with public transportation proving too slow and sometimes even dangerous. With the number of private vehicles on the rise each year, the situation seems to be spiraling out of control.

Could a Metro train be the solution Kathmandu desperately needs? 

Special thanks to Dr. BL Amatya Sir for his input.

Source: https://docs.google.com/document/d/1Es7xMqx-luRDPgp3tZmutNV9qpg5tffwU3o63bDL9ao/edit?usp=sharing

Pathao Nepal: https://pathao.com/np/

Let's connect :

If you are on Facebook: [https://www.facebook.com/dipesh.tripathi.35.]
If you are on Twitter: [https://twitter.com/NepaliComment]
If you are on Instagram: [https://www.instagram.com/dipesh.trip/]

Research by:
Bishwa Rai (https://www.instagram.com/bishwa546/)

Camera: https://www.instagram.com/baddas_production/

Edited by: 
Dungrey (https://www.instagram.com/khadka__ajay/)

Thumbnail by: Biphson Nepali (https://www.instagram.com/biphson_nepali/)

Timestamp:
0:00 Intro
1:56 Problem with the current situation 
3:28 Sponsor segment 
4:23 How can metro solve traffic
5:05 Where and how to build metro
8:00 Currently existing proposals
10:55 Is metro the only option? 
13:15 BRT 
14:36 Conclusion"
The Hidden War of India in Nepal | The Nepali Comment,316391,2024-06-03,9174,553,"In this explosive exposé, we delve into the dark and secretive world of espionage and covert operations carried out by India's intelligence agency, RAW (Research and Analysis Wing), within the borders of Nepal. The video sheds light on the alleged assassinations of individuals linked to Pakistan's ISI (Inter-Services Intelligence) and notorious underworld figures, including those connected to Dawood Ibrahim, involved in illicit activities like smuggling fake Indian currency.

Discover how Nepal, caught in the crossfire of a geopolitical tug-of-war between India and Pakistan, has become a battleground for these covert operations. The situation was further illuminated when former RAW agent Lucky Bist made a startling revelation on the Raj Shammani Podcast, admitting his involvement in a high-profile assassination on Nepali soil.


Check out neostore for exclusive offers: https://neostore.com.np/

Let's connect :

If you are on Facebook: [https://www.facebook.com/dipesh.tripathi.35.]
If you are on Twitter: [https://twitter.com/NepaliComment]
If you are on Instagram: [https://www.instagram.com/dipesh.trip/]

Edited by: 
Himal Joshi (https://www.instagram.com/drew.justinn_/)
Arpit Thapa Magar (https://www.instagram.com/arpit_akkun/)
Ankit Gautam (https://www.instagram.com/ankitgautam.12/)

Thumbnail by: Biphson Nepali (https://www.instagram.com/biphson_nepali/)"
Rabi Lamichhane vs Kantipur: Who is Right?,436628,2024-05-28,10808,1092,"Kailash Sirohiya, the owner of Nepal's largest media conglomerate, Kantipur Media Group (KMG), has been arrested on charges of fake citizenship certificates. This arrest has sparked a heated debate about press freedom and political retribution in Nepal.

Supporters of Sirohiya argue that the arrest is a politically motivated attempt to silence KMG, which has been critical of Home Minister Rabi Lamichhane. The timing of the arrest, following KMG's reports on alleged financial misconduct by Lamichhane, raises serious questions about the government's motives.

Join us as we delve into the details of this controversy and its implications for press freedom in Nepal.

Source: https://docs.google.com/document/d/1jZoObGeY63NuQaFQPUht2i4Fp6ebZSTGQ_Lc0ONKn_0/edit?usp=sharing

Ultima lifestyle: https://ultima.com.np/

Let's connect :

If you are on Facebook: [https://www.facebook.com/dipesh.tripathi.35.]
If you are on Twitter: [https://twitter.com/NepaliComment]
If you are on Instagram: [https://www.instagram.com/dipesh.trip/]

Research by:
Parash Bikram Khadka (https://instagram.com/parashbikramk/)

Edited by: 
Arpit Thapa Magar (https://www.instagram.com/arpit_akkun/)

Thumbnail by: Biphson Nepali (https://www.instagram.com/biphson_nepali/)


Timestamp:
0:00 Intro
02:04 Rise of Rabi Lamichhane
04:45 Ultime Lifestyle
05:42 Winning
07:30 Rabi's Citizenship
09:47 12 Bhai Syndicate
11:19 Sahakari Kanda
13:38 Rabi vs Kantipur
19:54 Rabi back in Power
21:21 Kailash Sirohiya Controversy
23:36 Support and Opposition of Arrest
26:47 My take on the issue"
Why Nepali Kings loved Hunting? The Dark Truth,189310,2024-05-15,5258,293,"Dive deep into the fascinating history of hunting in Nepal, a tradition that intertwines with the country's rich cultural heritage and natural biodiversity. This video explores how hunting has evolved over centuries, from the royal expeditions of Nepalese monarchs to modern-day conservation efforts. Discover the stories behind ancient hunting rituals and how Nepal's monarchy used grand hunting expeditions to strengthen international relations, inviting foreign kings and dignitaries to Nepal and the significant role hunting played in diplomacy and societal structure. How has hunting shaped Nepal's identity and its relationship with nature? What were the key events and figures in Nepal's hunting history? Watch now to uncover the legacy of hunting in Nepal!

Sources: https://docs.google.com/document/d/12jK9M1HHIen6O4ON9RKq6DZONrWKT3_udg3oyL9bwzM/edit?usp=sharing


Esewa Escrow Service: https://blog.esewa.com.np/escrow/

Let's connect :

If you are on Facebook: [https://www.facebook.com/dipesh.tripathi.35.]
If you are on Twitter: [https://twitter.com/NepaliComment]
If you are on Instagram [https://www.instagram.com/dipesh.trip/]

Research by:
Bishwa Rai (https://www.instagram.com/bishwa546/)

Edited by: 
Dungrey (https://www.instagram.com/khadka__ajay/)

Thumbnail by: Biphson Nepali (https://www.instagram.com/biphson_nepali/)"
IC 814 Hijack | BIGGEST Plane Hijack from Nepal | The Nepali Comment,435971,2024-05-07,9985,231,"In this video, we delve deep into one of the most infamous hijackings in aviation history - the IC 814 Indian Airlines hijacking. On December 24, 1999, a routine flight from Kathmandu to New Delhi turned into a nightmare when armed hijackers seized control of the aircraft, holding its passengers and crew hostage for seven agonizing days.

""There are so many videos and documentaries on the IC 814 plane hijack from Nepal, which is the Biggest Plane Hijack from Nepal, but none talk about why the hijackers came to Nepal, how they arrived in Nepal, and how they fooled Nepal's security. Was it the fault of only Nepali Airport Security, or is the truth something else, and is there a great geopolitical game at play?""

In this video, we explore the lingering question: How did the hijackers manage to smuggle weapons aboard the plane undetected? Was it merely a lapse in security at Kathmandu Airport, or were there larger geopolitical forces at play


WorldLink New Year Offer: 
https://worldlink.com.np/worldlink-khusiyaliko-bahar-naya-barsha-ma-upahar-offer/

Checkout our  course:-
https://mero.school/course/how-to-youtube/186

Let's connect :

If you are on Facebook: [https://www.facebook.com/dipesh.tripathi.35.]
If you are on Twitter: [https://twitter.com/NepaliComment]
If you are on Instagram: [https://www.instagram.com/dipesh.trip/]

Source: https://docs.google.com/document/d/1Uvwh4XS8IHOzBu2evHpXsOggU9ZM6nb_tKDvQUbPv1Q/edit?usp=sharing

Edited by: 
Arpit Thapa Magar (https://www.instagram.com/arpit_akkun/)
Himal Joshi (https://www.instagram.com/drew.justinn_/)

Timestamp:
0:00 Intro
02:10 The Background
03:37 The Plan
06:16 Sponsored
07:42 The Hijack
10:30 The Passenger
12:00 The Security Breach
12:45 The Geopolitical Fight
15:46 The Aftermath
17:05 Conclusion"
"Announcement:-""How to YouTube"" Course ft. @INDepthStory",23437,2024-05-03,1446,169,"Introducing the 'How to YouTube' course, a unique offering now available on the Mero School platform! This course is designed to equip you with the essential skills and strategies needed to navigate the complex world of YouTube and grow your channel.

Growing on YouTube is challenging because it takes a long time. We are not suggesting you can't figure it out on your own. We did, but it took a while to figure everything out.
While there are countless hours of similar videos, our 'How to YouTube' course is designed to cut through the noise. We've distilled the most effective strategies into a comprehensive program that will save you time and effort.

This course isn't rocket science or a get-rich-quick scheme. Success on YouTube requires time and consistency.

Remember, we're not here to do the work for you. We're here to guide and support you on your YouTube journey. So, who is this course for? 
It's for individuals like you, who are ready to take their YouTube game to the next level.

This course is for you :

- if you're new to YouTube or just starting your channel.
- if you have some idea about YouTube but are still trying to figure out why you're not getting desired views.
- if you need help balancing video consistency with daily life,
- if you need clarification on your niche or target audience.
- if you want to learn best practices and strategies for video hooks, titles, thumbnails, content, structure, and topics.
- if you need to reassess your target audience and niche to ensure you're creating the right content for the right people.

Additionally, you might need clarification or have questions you want to ask us. So, the first 100 buyers will get a special online group meeting with us, during which you can ask questions about your YouTube channel or anything else you want. We will record the online group meeting and make it available for future buyers. 

But wait—there's more! Use the coupon code ""TNC15"" at checkout to receive an additional 15% off any other courses on the platform! Don't miss this fantastic opportunity to improve your skills and knowledge in many topics. 

Grab your seat now and begin your YouTube journey with us! Visit Mero School now! 

Link: https://mero.school/course/how-to-youtube/186"
How Nepal solved its Biggest Health Crisis,143694,2024-05-01,4432,215,"Join us on a captivating journey through Nepal's triumphant battle against malaria! In the 1950s, Nepal was grappling with nearly 2 million cases of malaria annually, posing a significant threat to public health and economic development. Fast forward to the present day, and the nation has achieved a remarkable feat, with only a few hundred cases reported each year.

In this compelling video, we delve into Nepal's extraordinary efforts to combat malaria. From the inception of strategic initiatives to the implementation of innovative solutions, witness the tireless dedication of healthcare professionals, government agencies, and community volunteers in their quest to eradicate this deadly disease.

Explore the logistical challenges faced during this massive operation, from reaching remote villages to ensuring access to life-saving treatments and preventative measures. Discover the role of education and awareness campaigns in empowering communities to take charge of their health and embrace preventive practices.

Sources: https://docs.google.com/document/d/1Y0EPhS2PXfJi-hw4TdKpI475RSme5R8BEaWuDNwFDgY/edit?usp=sharing

More about NEO Water Purifier: https://neoappliances.com/

Let's connect :

If you are on Facebook: [https://www.facebook.com/dipesh.tripathi.35.]
If you are on Twitter: [https://twitter.com/NepaliComment]
If you are on Instagram [https://www.instagram.com/dipesh.trip/]

Research by:
Saugat Acharya (https://www.facebook.com/saugat.acharya.1004)

Edited by: 
Dungrey (https://www.instagram.com/khadka__ajay/)

Map Animation by:
Ankit Gautam (https://www.instagram.com/ankitgautam.12/)
Arpit Thapa Magar (https://www.instagram.com/arpit_akkun/)

Thumbnail by: Biphson Nepali (https://www.instagram.com/biphson_nepali/)

Timestamp: 

0:00 Introduction                                                                                                                                                                                                                                   2:38 Water Crisis
3:08 Sponsor Segment 
4:12 Move to Terai campaign 
6:00 First fight against Malaria 
14:23 Re-emergence of Malaria 
15:50 Control and accomplishments 
18:52 Conclusion"
"2080, in 6 minutes | The Nepali Comment",108165,2024-04-20,5903,327,"As we head into 2081, let’s look back at some of the stories that defined 2080.    
                                                  
It was a year of remarkable political shifts as new faces emerged onto the Nepali political landscape. Scandalous corruption controversies captured headlines, while the Prime Minister's diplomatic visits to India, the USA, and China marked key milestones in international relations. Additionally, Nepali sports achieved new heights on the global stage.

 However, amidst these victories, there were also moments of disruption, notably the ban on the popular social media app TikTok.

Let's connect :

If you are on Facebook: [https://www.facebook.com/dipesh.tripathi.35.]
If you are on Twitter: [https://twitter.com/NepaliComment]
If you are on Instagram: [https://www.instagram.com/dipesh.trip/]


Research by:
Rijan Maharjan ( https://www.facebook.com/rijan.maharjan.0528 )

Edited by: 
Dungrey (https://www.instagram.com/khadka__ajay/)

Thumbnail by: Biphson Nepali (https://www.instagram.com/biphson_nepali/)"
How This Nepali Cyclist Traveled The World On Just Rs 100,117998,2024-04-16,4289,182,"Puskar Shah had an impossible dream - to explore the world on his cycle, starting with just Rs. 100 in his pocket and no connections. Against all odds, this resilient Nepali adventurer defied skepticism and uncertainty to embark on an awe-inspiring journey, fueled by his undying passion for adventure and discovery. In this video, witness Puskar's remarkable story of courage and resilience as he traversed the globe on his trusty bicycle, facing challenges most of us can barely imagine but never letting his unwavering determination waver. An extraordinary tale of a regular guy who dared to pursue his dreams against all odds, showing us what true grit and passion can achieve. You don't want to miss this incredible story of human spirit.


Ultima Lifestyle: https://ultima.com.np/

Sources:https://docs.google.com/document/d/1zfymQIhAmWOK3AOUPH7K-Z_wodBV41PYT-tMP6yQzqg/edit?usp=sharing

Let's connect :

If you are on Facebook: [https://www.facebook.com/dipesh.tripathi.35. ]
If you are on Twitter: [https://twitter.com/NepaliComment ]
If you are on Instagram: [https://www.instagram.com/dipesh.trip/ ]


Research by:
Parash Bikram Khadka (https://instagram.com/parashbikramk/ )

Edited by: 
Ankit Gautam (https://www.instagram.com/ankitgautam.12/)

Thumbnail by: Biphson Nepali (https://www.instagram.com/biphson_nepali /)"
What can Nepal do in WW3?,208485,2024-04-06,7544,461,"As tensions escalate on the global stage, the possibility of World War 3 looms large, prompting discussions on the roles various nations might play. In this insightful video, we delve into the potential scenarios of World War 3 and analyze Nepal's stance amidst the chaos.

Join us as we explore the factors that could lead to a global conflict, including territorial disputes, ideological clashes, and resource competition. We'll examine the major alliances that might form, considering which countries could align with whom and the implications of such alliances.

In the midst of this uncertainty, we take a closer look at Nepal's geopolitical position and evaluate its strategic options. Will Nepal choose neutrality, or will it be compelled to take sides? What factors would influence Nepal's decision-making process in such a critical juncture?

Through careful analysis and informed speculation, we aim to shed light on the complex dynamics of global politics and provide insights into Nepal's potential role in the event of World War 3. Join the conversation and share your thoughts on what lies ahead for Nepal and the world in this turbulent era.

Ultima Lifestyle: https://ultima.com.np/

Sources: https://docs.google.com/document/d/1GASZuj_v63Z5KdieISGGT1a8JHGk_MIhpkKHWpfubxw/edit?usp=sharing


Let's connect :

If you are on Facebook: [https://www.facebook.com/dipesh.tripathi.35.]
If you are on Twitter: [https://twitter.com/NepaliComment]
If you are on Instagram: [https://www.instagram.com/dipesh.trip/]


Research by:
Bishwa Rai (https://www.instagram.com/bishwa546/)

Edited by: 
Sudeep: https://www.instagram.com/zzerggz?igsh=MTJ6NnA4Z2ExajAxYQ==

Thumbnail by: Biphson Nepali (https://www.instagram.com/biphson_nepali/)

Timestamp:
0:00 Intro
1:06 Russia-Ukraine Crisis
02:21 NATO vs Russia
04:24 Ultime Lifestyle
5:16 USA vs China
06:34 Taiwan
07:41 Semiconductor War
12:08 The Teams
14:54 Nepal Situation"
The Misunderstood Life of Devkota | The Nepali Comment,429333,2024-03-31,13843,378,"Delve into the intricate tapestry of one of Nepal's most revered literary figures in ""The Misunderstood Life of Devkota."" This captivating video explores the enigmatic journey of Laxmi Prasad Devkota, a poetic genius whose life was as tumultuous as it was brilliant. Despite his unparalleled talent for verse, Devkota was unjustly labeled a madman. Yet, behind the veil of misunderstanding lay a profound intellect and a soul aflame with creativity. In this illuminating video, we unravel the layers of Devkota's life, shedding light on the man behind the myth. 

Karobar App: https://qwik.one/karobar/

Let's connect :

If you are on Facebook: [https://www.facebook.com/dipesh.tripathi.35.]
If you are on Twitter: [https://twitter.com/NepaliComment]
If you are on Instagram: [https://www.instagram.com/dipesh.trip/]


Research by:
Parash Bikram Khadka (https://instagram.com/parashbikramk/)

Edited by: 
Ankit Gautam (https://www.instagram.com/ankitgautam.12/)

Thumbnail by: Biphson Nepali (https://www.instagram.com/biphson_nepali/)"
62/63 JanaAndolan (Full Story) The Nepali Comment,560787,2024-03-25,6922,649,"Discover the historic 62/63 Revolution of Nepal, in which Maoists and seven political parties united against the autocratic monarchy under King Gyanendra's rule. This monumental movement ended the monarchy, paving the way for a new democratic Nepal. Yet, two decades on, doubts linger. Join us as we examine the revolution's impact and question its direction and legacy.

Sources: https://docs.google.com/document/d/1VXni3wy9e-tRDr5M9h2lj7PdMAD1ePE9fYJHGtYcmSs/edit?usp=sharing

Bysst Music: https://bysstmusic.com
https://app.bysstmusic.com/login
Instagram:  
https://www.instagram.com/bysstmusic/


Let's connect :

If you are on Facebook: [https://www.facebook.com/dipesh.tripathi.35.]
If you are on Twitter: [https://twitter.com/NepaliComment]
If you are on Instagram: [https://www.instagram.com/dipesh.trip/]

Edited by: 
Arpit Thapa Magar (https://www.instagram.com/arpit_akkun/)

Thumbnail by: Biphson Nepali (https://www.instagram.com/biphson_nepali/)"
The Conflicting Life of Biplav | The Nepali Comment,325745,2024-03-19,7470,342,"Netra Bikram Chand, also known as Biplav, emerged as a prominent figure among former Maoist fighters in Nepal following the decade-long civil war. Unlike some of his counterparts, such as Prachanda, who transitioned to peaceful politics, Biplav and his followers persisted with violent tactics, including bombings of public spaces, instigating strikes, harassing officials, and preparing for potential civil unrest. Consequently, the government banned him, issued arrest warrants, and forced him to retreat from public view. However, following negotiations and an agreement, the government has since pardoned him. Despite this, there remains concern that he could revert to violent methods at any time. This is the conflicting life of Biplav. 

Source: 
https://docs.google.com/document/d/13MB3aK5a4AGfCEXJ_utgXxLfxdEVs01h7Po09icwH8s/edit?usp=sharing

Worldlink: https://worldlink.com.np/internet-plans/residential-broadband/
Coupon Code: ""TNC50""; Exclusive 10% off for first 50 
Let's connect :

If you are on Facebook: [https://www.facebook.com/dipesh.tripathi.35.]
If you are on Twitter: [https://twitter.com/NepaliComment]
If you are on Instagram: [https://www.instagram.com/dipesh.trip/]


Research by: Parash Bikram Khadka (https://instagram.com/parashbikramk/)
Edited by:  Ankit Gautam (https://www.instagram.com/ankitgautam.12/)
Thumbnail by: Biphson Nepali (https://www.instagram.com/biphson_nepali/)"
Jung Bahadur Rana vs India: A Historic Battle,326140,2024-03-05,7643,447,"Join us as we delve into a lesser-known aspect of the Indian Mutiny of 1857-58, a pivotal moment in India's struggle against British colonial rule. In this video, we uncover the intriguing story of how the ruler of Nepal, Jung Bahadur, played a significant role in aiding the British East India Company in suppressing the rebellion.

As the Indian Sepoys rose up against their colonial oppressors, the British faced a formidable challenge. However, their task was made easier with the unexpected assistance of Jung Bahadur, a staunch ally of the British Empire. His timely support proved instrumental in the British effort to quell the uprising and retain control over India.

Yet, the extent of Jung Bahadur's involvement goes beyond mere assistance. In a controversial move, he and his troops were granted a free license to raid and plunder the city of Lucknow, resulting in what came to be known as the ""Lucknow Loot."" This event not only saw the acquisition of vast riches but also witnessed horrifying atrocities committed by Jung Bahadur's forces.

Source: https://docs.google.com/document/d/1NdGxCMWGj-57kmulc244lfeXaIpFGnTB_X43nm_aJXM/edit?usp=sharing

Worldlink Android TV: https://worldlink.com.np/nettv-streamz-best-android-tv-box-in-nepal/
Let's connect :

If you are on Facebook: [https://www.facebook.com/dipesh.tripathi.35.]
If you are on Twitter: [https://twitter.com/NepaliComment]
If you are on Instagram: [https://www.instagram.com/dipesh.trip/]


Research by:
Bishwa Rai (https://www.instagram.com/bishwa546/)

Edited by: 
https://www.instagram.com/ankitgautam.12/

Thumbnail by: Biphson Nepali (https://www.instagram.com/biphson_nepali/)"
How Nepal Police Caught Charles Sobraj | The Nepali Comment,741693,2024-02-27,19302,330,"Charles Sobraj was one of the most notorious criminals of the 20th century, wanted for murders across four continents. His intellectual brilliance and cunning allowed him to evade justice for years, earning him the monikers ""The Serpent"" and ""The Bikini Killer."" But what drove this man to become such a calculating monster? This video examines Sobraj's turbulent upbringing, his criminal career spanning the 1960s to the 1980s, and his psychopathic tactics that enabled him to deceive, manipulate and murder so many victims - until his web of lies finally began to unravel in Nepal, leading to his capture and imprisonment. Sobraj's shocking story provides a case study in the formation of a criminal mastermind, and a warning about the dark potential within even the most intelligent minds.

Worldlink Android TV: https://worldlink.com.np/nettv-streamz-best-android-tv-box-in-nepal/

Source: https://docs.google.com/document/d/1A2GQl3mBoXR44T7BOyAlFyA35_Hjgfr164W6w6SVB5w/edit?usp=sharing

Let's connect :

If you are on Facebook: [https://www.facebook.com/dipesh.tripathi.35.]
If you are on Twitter: [https://twitter.com/NepaliComment]
If you are on Instagram: [https://www.instagram.com/dipesh.trip/]

Research by:
Saugat Acharya (https://www.facebook.com/saugat.acharya.1004)

Edited by: 
Arpit Thapa Magar (https://www.instagram.com/arpit_akkun/)

Thumbnail by: Biphson Nepali (https://www.instagram.com/biphson_nepali/)"
Nepal's Failing International Airport Projects,248042,2024-02-20,6625,399,"Expectations were sky-high when Nepal opened two new international airports in Pokhara and Bhairahawa. The government took on heavy loans from China to build the Pokhara International Airport as well as a loan from the Asian Development Bank for Gautam Buddha International Airport, hoping to attract tourists and foreign investment. But a year after opening, neither airport has seen regular international flights. Nepal's national carrier doesn't have enough planes and foreign airlines aren't interested. Now the country struggles to repay the massive loans while the airports remain largely unused. A classic case of how big dreams, mismanagement, and China's debt trap diplomacy led Nepal's impressive new infrastructure to the brink of failure.

Source: https://docs.google.com/document/d/1KlEiQq1upEO5fUKb3fvSBck0WtuehPCdBD4GMunIdo0/edit?usp=sharing
.
Karobar App: https://qwik.one/karobar/

Let's connect :

If you are on Facebook: [https://www.facebook.com/dipesh.tripathi.35.]
If you are on Twitter: [https://twitter.com/NepaliComment]
If you are on Instagram: [https://www.instagram.com/dipesh.trip/]

Research by:
Parash Bikram Khadka (https://instagram.com/parashbikramk/)

Edited by: 
Arpit Thapa Magar (https://www.instagram.com/arpit_akkun/)

Thumbnail by: Biphson Nepali (https://www.instagram.com/biphson_nepali/)

Video by Misguided Nepal: https://youtu.be/lMpaFQ-eVLQ?si=eUXPv0GuKDSvgp3p

Timestamp:
0:00 Intro
2:06 Pokhara International Airport
4:22 Karobar App
5:36 Something's Fishy
9:33 Gautam Buddha International Airport
12:05 Solution"
The Hidden Science of Love,127279,2024-02-14,6592,347,"There's hardly anyone who has not fallen in love. We have all experienced it. We blame our heart when in fact it is the brain that is behind it. When you are in love, a war is going on inside you. A war of hormones. From the initial attraction to the attachment to breakup. This is the Science of Love. 

Source: https://docs.google.com/document/d/1b6W5YhylHS-xCZGW4Go3ahI2tSA20BEoG7sSrI_Oi38/edit?usp=sharing

Let's connect :

If you are on Facebook: [https://www.facebook.com/dipesh.tripathi.35.]
If you are on Twitter: [https://twitter.com/NepaliComment]
If you are on Instagram: [https://www.instagram.com/dipesh.trip/]

Idea by: Sumit Adhikari(https://www.facebook.com/sumit.adhikari.9231?mibextid=ZbWKwL | https://www.facebook.com/sumit.adhikari.9231?mibextid=ZbWKwL)


Research by:
Saugat Acharya (https://www.facebook.com/saugat.acharya.1004)

Edited by: 
Arpit Thapa Magar (https://www.instagram.com/arpit_akkun/)

Thumbnail by: Biphson Nepali (https://www.instagram.com/biphson_nepali/)

Ultima Lifestyle: https://ultima.com.np/

Timestamp:
0:00 Intro
1:25 Attraction
5:28 Ultima Lifestyle
6:42 Attachment
8:40 Breakup
11:00 Outro"
Road Accidents in Nepal are more DANGEROUS than you think,225633,2024-02-06,7618,221,"In Nepal,  Road Accidents take more lives annually than floods, landslides, plane crashes, and other accidents combined. Yet, it is also one of the most underreported and overlooked calamity in Nepal and without strong actions, it is going to be catastrophic.

Source: https://docs.google.com/document/d/1A5G_NjfgJW0KtCRxFP0ZjepkOhmcxkYANBPSqIZbIL4/edit?usp=sharing

If you are in need of a website or reliable hosting service, do check out : https://nestnepal.com/

Let's connect :

If you are on Facebook: [https://www.facebook.com/dipesh.tripathi.35.]
If you are on Twitter: [https://twitter.com/NepaliComment]
If you are on Instagram: [https://www.instagram.com/dipesh.trip/]


Research by:
Bishwa Rai (https://www.instagram.com/bishwa546/)

Edited by: 
Arpit Thapa Magar (https://www.instagram.com/arpit_akkun/)

Thumbnail by: Biphson Nepali (https://www.instagram.com/biphson_nepali/)"
The Untold Story of Martyrs of Nepal (EXTENDED Version),1411937,2024-01-30,27954,551,"Note: Last year we released a 3 part series on the life of Martyrs. This year we compiled those three part into one, added some new extra information and rereleasing it again, so that you can enjoy it in on full go.


87 years ago, a group of young men embarked on mission to fight against the most powerful family in Nepal, the ruling class of Rana Regime. After 4 years of struggle, they were caught. 500 of them were tortured and jailed. Among them, the four were given death penalty whom we now call the 4 Martyrs of Nepal. We talk about their death but do not talk about why they decided to fight against the Rana. How did they meet? How did they protest? Why were the Ranas so angered with them? All the answers in this video.

Let's connect :

If you are on Facebook: [https://www.facebook.com/dipesh.tripathi.35.]
If you are on Twitter: [https://twitter.com/NepaliComment]
If you are on Instagram: [https://www.instagram.com/dipesh.trip/]

Thumbnail by: Biphson Nepali (https://www.instagram.com/biphson_nepali/)"
Why Nepal needs to CANCEL Federalism,236743,2024-01-18,8237,428,"Nepal adopted Federalism after several long discussion, fight and protests. ""Gaun Gaun ma Singha Durbar"" was what the politician promised. But even after the completion of first term, Federalism isn't delivering results as it should. People have been calling out Federalism as too expensive, just a way to feed politician and many more. So, does Nepal really need Federalism, or will it even work? 

Source: https://docs.google.com/document/d/1ET19eFrkr_BffVFkUPMix9rOr9-DuqE3hXN9nJCWMJ8/edit?usp=sharing

Worldlink Beacon Router: https://bit.ly/TNCNokiabeacon

Let's connect :

If you are on Facebook: [https://www.facebook.com/dipesh.tripathi.35.]
If you are on Twitter: [https://twitter.com/NepaliComment]
If you are on Instagram: [https://www.instagram.com/dipesh.trip/]

Research by:
Bishwa Rai (https://www.instagram.com/bishwa546/)

Edited by: 
Arpit Thapa Magar (https://www.instagram.com/arpit_akkun/)

Thumbnail by: Biphson Nepali (https://www.instagram.com/biphson_nepali/)

Timestamp:
0:00 Intro
1:51 Sponsored Segment
3:28 History Before federalism
5:00 Calls for federalism
7:15 Federalization process
9:10 Earthquake and unity
10:30 Nepal passes the constitution
11:22 Problems with federalism in Nepal 
15:53 Conclusion & the way forward"
Why Nepal needs to talk about S*X?,269225,2024-01-04,9890,317,"Nepal has dealt with several problems from rapid population growth to Sexually Transmitted Diseases(STD) like HIV/AIDS. While the usage of contraceptive devices has become common, the hesitation to talk about s*x and s*x education is still there and this could cause some massive issues. Here's why Nepal needs to talk about S*x. 

Let's connect :

If you are on Facebook: [https://www.facebook.com/dipesh.tripathi.35.]
If you are on Twitter: [https://twitter.com/NepaliComment]
If you are on Instagram: [https://www.instagram.com/dipesh.trip/]


Research by:
Saugat Acharya (https://www.facebook.com/saugat.acharya.1004)

Edited by: 
Dungrey (https://www.instagram.com/khadka__ajay/)

Thumbnail by: Biphson Nepali (https://www.instagram.com/biphson_nepali/)

Worldlink Beacon Router: https://bit.ly/TNCNokiabeacon"
The Two Faces of Nepal Army,400070,2023-12-31,11786,647,"Nepal Army is one of the most trusted institution in Nepal. Nepal Army works tirelessly to serve the country. From disaster rescue operation to the conservation of national parks, Nepal Army is always on the forefront to work for the country. But there is a different side to it as well, one that no one is comfortable talking about, a darker side of allegations, profit oriented and a game of commission. These are the two faces of Nepal Army.

Bysst Music: https://bysstmusic.com
https://app.bysstmusic.com/login
Instagram:  
https://www.instagram.com/bysstmusic/

Sources; https://docs.google.com/document/d/1uVaumKlPqwDVwLxNPsbFeguX7xf8VBVj_wI70Y8UThA/edit?usp=sharing

Let's connect :

If you are on Facebook: [https://www.facebook.com/dipesh.tripathi.35.]
If you are on Twitter: [https://twitter.com/NepaliComment]
If you are on Instagram: [https://www.instagram.com/dipesh.trip/]

Research by:
Rubina Subedi (https://instagram.com/_rubina22?igshid=YTQwZjQ0NmI0OA==)

Edited by: 
Arpit Thapa Magar (https://www.instagram.com/arpit_akkun/)

Thumbnail by: Biphson Nepali (https://www.instagram.com/biphson_nepali/)

Timestamp:
0:00 Intro
1:40 Bysst Music
2:40 Nepal Army History
5:26 Nepal Army's Service to Nation
7:05 Tri Chandra Military Hospital
8:15 Developmental Contracts
11:20 Political Partnership
13:40 The Size of Nepal Army
15:00 Outro"
Worst Disaster on Sagarmatha,459149,2023-12-18,10738,169,"In May 1996, two expedition teams with journalists on their teams raced to summit Mount Everest. With massive publicity at stake, expedition leaders took unnecessary risks and attempted to climb Everest ""at any cost.  Despite warnings of an approaching storm, the teams moved forward, resulting in the loss of 8 climbers - one of the deadliest disasters in Everest's history. This tragic event highlighted the consequences of competition and commercialization in high-altitude mountaineering. Safety and good judgment can be compromised when the primary goal becomes reaching the summit regardless of the circumstances. The 1996 season on Everest serves as a cautionary tale of what can happen when the race to the top overrides all else.

Let's connect :

If you are on Facebook: [https://www.facebook.com/dipesh.tripathi.35.]
If you are on Twitter: [https://twitter.com/NepaliComment]
If you are on Instagram: [https://www.instagram.com/dipesh.trip/]

Thumbnail by: Biphson Nepali (https://www.instagram.com/biphson_nepali/)

DHI Happier Homes:-
https://www.dhi.com.np/ 

Use TNC_DHi as promocode to get 17% off in Medium Size Heater 
https://www.facebook.com/dhihomeappliances"
The Slow Death of the Bagmati River,310395,2023-12-12,9435,288,"The Bagmati River was once the pride of Kathmandu - a lifeline for agriculture, a source of spirituality and a centerpiece for Nepali culture. But over the past few decades, the river has become an open sewer, choked with trash and industrial waste. Despite billions spent by the government and campaigns led by citizens, the Bagmati remains beyond saving. How did this once sacred river become so polluted? And what does this say about Nepal's failed efforts at development, environmental protection and good governance? Tune in to hear the sad story of how the Bagmati River went from being the heart and soul of Kathmandu to a hopeless example of corruption and mismanagement.

Sources: https://docs.google.com/document/d/16izac5tRfOHVIoTgIRl5vk2SH04xnPHTJJ5Z2aR2prA/edit?usp=sharing

Jump Trailer: https://www.youtube.com/watch?v=SBHHRtqmI-E

Let's connect :

If you are on Facebook: [https://www.facebook.com/dipesh.tripathi.35.]
If you are on Twitter: [https://twitter.com/NepaliComment]
If you are on Instagram: [https://www.instagram.com/dipesh.trip/]


Research by:
Parash Bikram Khadka (https://instagram.com/parashbikramk/)
Edited by:  Dungrey (https://www.instagram.com/khadka__ajay/)
Thumbnail by: Biphson Nepali (https://www.instagram.com/biphson_nepali/)"
Ticking Time Bomb of Nepal,279287,2023-12-05,10690,253,"Nepal is at a very big risk. The Himalayas that makes Nepal so beautiful and provides a major source of revenue via tourism also posses a massive threat like a ticking time bomb waiting to explode. These are called Glacier Lake Outburst Flood or GLOF, which can occur at any time. And Nepal has almost two dozen Glacier Lakes that could burst at any time. So, what are these GLOF, how do they occur, why are they so dangerous and can we actually do anything about it?

Sources: https://docs.google.com/document/d/1QHMTl5A3v0BmVFD-2sjWuaMKAM_HNgn0AQXAorJTzxQ/edit?usp=sharing
 
Let's connect :

If you are on Facebook: [https://www.facebook.com/dipesh.tripathi.35.]
If you are on Twitter: [https://twitter.com/NepaliComment]
If you are on Instagram: [https://www.instagram.com/dipesh.trip/]


Research by: Rubina Subedi (https://instagram.com/_rubina22?igshid=YTQwZjQ0NmI0OA==)
Edited by:  Arpit Thapa Magar (https://www.instagram.com/arpit_akkun/)
Thumbnail by: Biphson Nepali (https://www.instagram.com/biphson_nepali/)


Timestamp: 
0:00 Time Bomb
1:35 What is GLOF?
3:17 Past GLOF in Nepal
5:35 The Study of GLOF
6:05 The Inventory of GLOF
8:28 Risky GLOFs
11:10 Solution??
12:45 Outro"
Nepali Politicians are stealing from Public,237494,2023-11-30,9128,304,"Dive deep into the intricate web of Nepal's public procurement system as we unravel the reality behind why so many developmental project are neither completed in time nor of good standard. The Truth: There's a nexus of political leaders from every major parties colluding to extract ill-gotten gains from contractors, leading to a dire situation., one where they get rich but the project completely derails. This is how Nepali  Politicians Turned Government Contracts into Gold Mines.


Sources: https://docs.google.com/document/d/1UJsQIZ7_CCnR1He1EcW3V_8-RtN5SScoesuynXO83J8/edit?usp=sharing

Let's connect :

If you are on Facebook: [https://www.facebook.com/dipesh.tripathi.35.]
If you are on Twitter: [https://twitter.com/NepaliComment]
If you are on Instagram: [https://www.instagram.com/dipesh.trip/]

Research by: Parash Bikram Khadka 
https://instagram.com/parashbikramk/
Written by: Saugat Acharya(https://www.facebook.com/saugat.acharya.1004)
Edited by:  Dungrey (https://www.instagram.com/khadka__ajay/)
Thumbnail by: Biphson Nepali (https://www.instagram.com/biphson_nepali/)

Timestamp

0:00 Intro
1:04 The Tender
2:33 The Lawmakers
4:55 The Contractors
6:50 Tender Process
7:44 Failed Constructions
8:44 They are together
10:50 So what next"
The Hidden Secrets of Durga Prasai,859119,2023-11-25,29094,2207,"Durga Prasai claims to be leading a grassroots movement to restore monarchy in Nepal. Thousands have joined his protests, drawn by his charismatic speeches and promises of change. However, there are serious questions about Prasai's credibility and intentions. For decades, Prasai has been an active partner of the current government he now criticizes. There are also allegations of financial impropriety, corruption and fraud against Prasai himself. While many are inspired by Prasai's rhetoric, it is important to examine his background and motives critically to understand what his movement truly represents. At this stage, it remains unclear whether Prasai's movement will actually bring meaningful change for Nepal or simply serve his own ambitions and interests. Further transparency and scrutiny of Prasai and his movement are needed to determine its legitimacy and potential impact.

Source: https://docs.google.com/document/d/1iXw5F3sI_v1Qq6iBDqXD_jFy0lXhg8Si5xGmTVRAhd8/edit?usp=drivesdk

Let's connect :

If you are on Facebook: [https://www.facebook.com/dipesh.tripathi.35.]
If you are on Twitter: [https://twitter.com/NepaliComment]
If you are on Instagram: [https://www.instagram.com/dipesh.trip/]


Research by:
Rubina Subedi (https://instagram.com/_rubina22?igshid=YTQwZjQ0NmI0OA==)
Saugat Acharya (https://www.facebook.com/saugat.acharya.1004)
Parash Bikram Khadka (https://instagram.com/parashbikramk/)
Bishwa Rai (https://www.instagram.com/bishwa546/)

Edited by: 
Arpit Thapa Magar (https://www.instagram.com/arpit_akkun/)
Dungrey (https://www.instagram.com/khadka__ajay/)

Thumbnail by: Biphson Nepali (https://www.instagram.com/biphson_nepali/)

0:00 Intro
1:40 Start of his campaign
3:45 backstory of Durga Prasai 
4:33 BNC hospital saga 
7:14 scandals and allegations
8:53 Conspiracy and reality of Durga Prasai (Bank & loan)
10:27 Dubai kings
11:19 Recent incidents 
14:49 Opinion"
"Nepal's Underworld: Fake Money, Murder, and the Geopolitical Game",302037,2023-11-16,10137,267,"Nepal has long been a hub for fake currency - specially for fake Indian Rupees. This illegal industry involves organized crime, corrupt officials, and even geopolitical tensions with India. But you've probably never heard about this! I did some serious digging to uncover the full scope of Nepal's role in the fake money industry. From the street gangs that traffic fake bills to the murders it's fueled, this secret black market economy shows a dark side of Nepal that the everybody desperately wants to keep quiet. Get ready to be shocked as I expose the truth about Nepal's counterfeit currency hub and the massive risks it poses. Let's go!

Sources: https://docs.google.com/document/d/1GplgNGG0FAFQ6o8JXnscKZAaNM-Wi7rnxKmI1NrKlQE/edit?usp=drivesdk

Let's connect :

If you are on Facebook: [https://www.facebook.com/dipesh.tripathi.35.]
If you are on Twitter: [https://twitter.com/NepaliComment]
If you are on Instagram: [https://www.instagram.com/dipesh.trip/]

Research by: Rubina Subedi (https://instagram.com/_rubina22?igshid=YTQwZjQ0NmI0OA==)

Written by: Bijay Sapkota (https://www.facebook.com/bijay.sapkota.71465)
Edited and Animation by:  Dungrey (https://www.instagram.com/khadka__ajay/)
Thumbnail by: Bipshon Nepali
((https://www.instagram.com/biphson_nepali/))"
Why Nepal might get hit by a Massive Earthquake Soon?,339179,2023-11-12,15789,355,"For nearly 500 years, the western region of Nepal has not experienced a major earthquake. However, geologists warn that the area is overdue for a massive quake that could cause significant damage and loss of life. According to experts, stress has been building up in the fault lines under western Nepal, putting the region at high risk of a catastrophic event. Despite these warnings, many Nepalis remain skeptical and unprepared. While some dismiss the warnings as a hoax, the scientific data shows that western Nepal could experience an earthquake magnitude 7.  or higher in the coming decades. With more than two-thirds of buildings in the region constructed of non-earthquake resistant materials, experts warn that the impact would be devastating without significant preparation and investment in disaster readiness. Nepali officials would be wise to take this threat seriously, inform and prepare citizens, and put measures in place to minimize damage and save lives when an earthquake does inevitably hit western Nepal.

Sources: https://docs.google.com/document/d/1BXM-pdMVnJRFQYS5kMG4ENg0Bs4msVvPJFOOSOTGjSk/edit?usp=sharing

If you are in need of a website or reliable hosting service, do check out : https://nestnepal.com/

More about Hami Nepal(for donation): https://www.instagram.com/haminepal_/

Safety Tips for Earthquake: 
https://www.ready.gov/earthquakes
https://www.cdc.gov/disasters/earthquakes/during.html#:~:text=Stay%20away%20from%20outer%20walls,and%20buildings%2C%20and%20stay%20there


Let's connect : 
If you are on Facebook: [https://www.facebook.com/dipesh.tripathi.35.]

If you are on Twitter: [https://twitter.com/NepaliComment]

If you are on Instagram: [https://www.instagram.com/dipesh.trip/]

Research and Written by: Saugat Acharya (https://www.facebook.com/saugat.acharya.1004)

Edited by: Arpit Thapa Magar (https://www.instagram.com/arpit_akkun/)

Thumbnail by: Biphson Nepali (https://www.instagram.com/biphson_nepali/)

Timestamp:
0:00 Fundraise for Earthquake Victims
0:25 Intro
1:57 Nest Nepal
2:55 Earthquake 101
04:44 Historical Earthquakes
05:36 Massive Risk
07:31 Are we prepared?
08:15 Loss from 2072 Earthquake
9:16 Outro"
Biggest Upcoming Projects of Nepal,784238,2023-11-07,20291,1164,"From Nepal’s largest hydropower project to a 5.5 billion dollar railway project built underground and majority of which goes under the tunnel of 70KM. From an irrigation project for 1 lakh hectare agricultural land to a road that will shorten several hour long travel to a few minutes. These are some of the mega projects in Nepal that are either in Construction or will soon begin, that will change Nepal forever. 

Source: 
https://docs.google.com/document/d/1lBLY9lsFvvTgx772hCgd0moESvXqHuzWUffvwAm2yGs/edit?usp=sharing


Let's connect : 
If you are on Facebook: [https://www.facebook.com/dipesh.tripathi.35.]

If you are on Twitter: [https://twitter.com/NepaliComment]

If you are on Instagram: [https://www.instagram.com/dipesh.trip/]

Research by: Bishwa Rai (https://www.instagram.com/bishwa546/)

Written by: Saugat Acharya (https://www.facebook.com/saugat.acharya.1004)

Edited by: Arpit Thapa Magar (https://www.instagram.com/arpit_akkun/)

Thumbnail by: Biphson Nepali (https://www.instagram.com/biphson_nepali/)

Do check out Ultima for exclusive offers:

https://bit.ly/49rsURM.


Timestamp:
0:00 Intro
0:40 Budhi Gandaki Hydropower
3:45 Ultima Offer
4:59 Fast Track
7:15 Kathmandu-Kerung Railway
9:42 Sunkoshi Marin Diversion
12:00 Pokhara - Muktinath cable car"
The Terrorist Who almost Captured Nepal,805558,2023-10-31,13274,559,"In 2007BS, Nepal witnessed one of its biggest revolution against the autocratic Rana Regime. Nepal Congress took up arms to fight against the Ranas and fought in various places. The Regime finally ended after Delhi Agreement between King Tribhuvan, Rana PM Mohan Shumsher and Nepali Congress. So, it looked like Nepal was back finally on track, but several fighters refused to stop, they felt betrayed by the agreement. One of them was, Dr KI Singh, who was arrested on charges of Murder and Robbery, but instead KI Singh along with his men captured Singh Durbar. For almost 12 hours, KI Singh was the most powerful man in Nepal and had almost declared himself as the new PM. This is the story of this rebel fighter. 

Let's connect :

If you are on Facebook: [https://www.facebook.com/dipesh.tripathi.35.]
If you are on Twitter: [https://twitter.com/NepaliComment]
If you are on Instagram: [https://www.instagram.com/dipesh.trip/]

Research by: Parash Bikram Khadka 
https://instagram.com/parashbikramk/

Written by: Bijay Sapkota(https://www.facebook.com/bijay.sapkota.71465)
Edited by:  Dungrey (https://www.instagram.com/khadka__ajay/)
Animations and Thumbnail by: Rabi Kandel (https://www.instagram.com/proto_flex/)"
Why Nepali Tea can make us RICH?,213442,2023-10-26,8174,370,"Nepal's tea industry is struggling. For too long, Nepali tea has been overshadowed by Indian tea - the truth is Nepal grows great tea but hasn't been able to brand and sell it on its own. Nepali farmers often sell their tea to Indian companies who then repackage and resell that same tea as Indian tea! This needs to change if Nepal's tea industry is to thrive. In this video, I'll discuss how Nepal can overcome this challenge by focusing on marketing, branding and selling directly to consumers. Nepali tea has a rich history, great flavor and massive potential - if Nepal can get its tea branding right, it has a real chance to compete with Indian tea and beyond. So join me as we explore how Nepal can truly showcase its tea to the world.


Let's connect :

If you are on Facebook: [https://www.facebook.com/dipesh.tripathi.35.]
If you are on Twitter: [https://twitter.com/NepaliComment]
If you are on Instagram: [https://www.instagram.com/dipesh.trip/]

Research by: Rubina Subedi(https://www.instagram.com/_rubina22)

Written by: Saugat Acharya (https://www.facebook.com/saugat.acharya.1004)
Edited by: Arpit Thapa Magar (https://www.instagram.com/arpit_akkun/)
Thumbnail by: Biphson Nepali(https://www.instagram.com/biphson_nepali/)"
Why arent Nepali Flying Kites in Nepal these days?,288767,2023-10-19,9288,547,"There was a time when, during the time of Dashain, the sky were covered with kites. Kite flying was booming in Nepal. The Kite Sellers were making profit, people queued to buy kites, but now things have taken a different turn. Over the last few years, the kite business has reduced by 70-80 percent. Less people are interested to fly kite, so what went wrong? 

Source: https://docs.google.com/document/d/1RvHpnGJeOy_bSAOzU2KEsleADPA8IhNhhedbKHYkVhM/edit?usp=sharing

Kite Shop location: https://maps.app.goo.gl/xGmYiodxmoP9eRJa6
Shop near Maitidevi Temple, 984-1665514


Let's connect :

If you are on Facebook: [https://www.facebook.com/dipesh.tripathi.35.]
If you are on Twitter: [https://twitter.com/NepaliComment]
If you are on Instagram: [https://www.instagram.com/dipesh.trip/]

Research by: Bishwa Rai (https://www.instagram.com/bishwa546/
Written by: Saugat Acharya(https://www.facebook.com/saugat.acharya.1004)
Edited by:  Dungrey (https://www.instagram.com/khadka__ajay/)
Thumbnail by: Rabi Kandel (https://www.instagram.com/proto_flex/)"
How did Dashain Dhun Start?,98963,2023-10-15,5263,186,"We can hardly imagine Dashain without listening to the classic Malshree Dhun or Mangal Dhun. Anyone who hears the tune automatically feel that Dashain has arrived. But this tune that is now synonymous with Dashain has nothing to do with the festival itself, it in fact has its origin in Newa Culture. So, how did this transition happen? How did this Newa tune became the theme tune of Dashain?

Source: https://docs.google.com/document/d/1w6QqyLxtW9hXCtmlGI4ROJ0Z3iCtLKHupz5vNok8pbY/edit?usp=sharing

Let's connect :

If you are on Facebook: [https://www.facebook.com/dipesh.tripathi.35.]
If you are on Twitter: [https://twitter.com/NepaliComment]
If you are on Instagram: [https://www.instagram.com/dipesh.trip/]

Research by: Parash Bikram Khadka 
https://instagram.com/parashbikramk/

Written by: Bijay Sapkota(https://www.facebook.com/bijay.sapkota.71465)
Edited by: Arpit Thapa Magar (https://www.instagram.com/arpit_akkun/)
Thumbnail by: Rabi Kandel (https://www.instagram.com/proto_flex/)"
Inside the World of Fake Products in Nepal,300467,2023-09-30,10830,469,"I recently went on a journey to explore counterfeit and fake products in Nepal. What started as a simple curiosity led me into uncovering a world full of such products in Nepal, from Club Cola(impersonating Coca Cola) to multi million trademark law suit. Even strange was the fact that reputed industrialist and business houses were always easily copying other famous trademarks and with weak law and even weaker enforcement, this problem is bound to challenge Nepal in upcoming days. 

Sources: https://docs.google.com/document/d/1PS6VjmYvqy4EqgZDiofjrav400gHuAJpdpJFgT_y22U/edit?usp=sharing

Special thank you to Mr. Kailash Panday for his deep insights on the topic.

Let's connect :

If you are on Facebook: [https://www.facebook.com/dipesh.tripathi.35.]
If you are on Twitter: [https://twitter.com/NepaliComment]
If you are on Instagram: [https://www.instagram.com/dipesh.trip/]

Research by: Bishwa Rai (https://www.instagram.com/bishwa546/
Written by: Saugat Acharya(https://www.facebook.com/saugat.acharya.1004)
Edited by:  Dungrey (https://www.instagram.com/khadka__ajay/)

Animations and Thumbnail by: Rabi Kandel (https://www.instagram.com/proto_flex/)

If you are in need of a website or reliable hosting service, do check out : nestnepal.com"
When King Gyanendra and Prachanda almost became PARTNERS,1049647,2023-09-22,14965,746,"2062/63 Andolan or April 2006 revolution in Nepal was one of the biggest revolution in the history of Nepal where Maoist joined hands with political parties, one that ended monarchy and formed today's politics. During the decade long civil war, the Maoist were fighting with the government and the King. There were several attempts for negotiation between Maoist and the government but nothing concrete was agreed upon. But what a lot of people don't know is there were direct secret negotiations between Maoist and the King as well and they were very close to form a partnership and the political parties would have been on the receiving end. This is the story of that failed negotiation that laid the foundation for Nepal politics for last 2 decades. 

Source: https://docs.google.com/document/d/16Wdb8_wwLYJvZD4FCO9TQI_t490BsSAQFnlnDsSJhN8/edit?usp=sharing

Let's connect :

If you are on Facebook: [https://www.facebook.com/dipesh.tripathi.35.]
If you are on Twitter: [https://twitter.com/NepaliComment]
If you are on Instagram: [https://www.instagram.com/dipesh.trip/]

Research by: Parash Bikram Khadka 
https://instagram.com/parashbikramk/

Edited by:  Dungrey (https://www.instagram.com/khadka__ajay/)

Animations and Thumbnail by: Rabi Kandel (https://www.instagram.com/proto_flex/)"
The Rise and Fall of SAFA TEMPO,318506,2023-09-11,9983,369,"For a brief moment in the 1990s, the Kathmandu was at the forefront of the zero-emission public transportation revolution. An electric vehicle revolution which most of us have now forgotten. This is the story of Safa Tempo, its rise from an experiment to a successful transport sector and how Diesel Mafia killed it as soon as it rose to the top. 

Source: https://docs.google.com/document/d/16iK16SP6NVk7N3b8FXlpyA-KPI7AjlC-vRQuTL4RKdg/edit?usp=sharing

Let's connect :

If you are on Facebook: [https://www.facebook.com/dipesh.tripathi.35]

If you are on Twitter: [https://twitter.com/NepaliComment]

If you are on Instagram: [https://www.instagram.com/dipesh.trip/]

Edited and Animations by:  Dungrey (https://www.instagram.com/khadka__ajay/)

Thumbnail by :Rabi Kandel (https://www.instagram.com/proto_flex/)"
Biggest Banking Fraud of Nepal,186274,2023-09-06,6577,274,"Our Modern Finance System works on trust. The trust that financial institution will not cheat us and they will keep our money safe. But what happens when the ones running the bank turns out to be a culprit. This is the story of Capital Merchant Bank, once a successful commercial bank in Nepal. The founder and team running it launched one of the biggest banking scam in Nepali History. But the mastermind behind it is still not jailed, still enjoying his life freely, so what exactly happened?

Sajilo Sewa: https://onelink.to/7t9a7h

Let's connect :

If you are on Facebook: [https://www.facebook.com/dipesh.tripathi.35]
If you are on Twitter: [https://twitter.com/NepaliComment]
If you are on Instagram: [https://www.instagram.com/dipesh.trip/]

Research by: Rubina Subedi (https://www.instagram.com/glitchinthematrix_._/)
Edited by: Arpit Thapa Magar (https://www.instagram.com/arpit_akkun/)
Animations and Thumbnail by: Rabi Kandel (https://www.instagram.com/proto_flex/)"
Bhimsen Thapa: Heroic Leader or Selfish Dictator?,750741,2023-08-23,15436,761,"Bhimsen Thapa might be one of the most controversial yet powerful figure in the history of Nepal. He was the longest serving prime minister of Nepal. He was at the power when Nepal was going through its most critical moment, the war with British East India Company. For many, he is a national hero, a man who built the beloved Dharahara, the man who reformed Nepali bureaucracy. But there are those who criticize him for inhumane political massacre, Bhandarkhal Prava, elimination of his political rivals and consolidated power within his own family. This is the story of Bhimsen Thapa and Nepali politics at that time.

From the books:
भीमसेन थापा: उत्थान तथा पतन by Baburam Acharya
जनरल भीमसेन थापा र तत्कालीन नेपाल by Chittaranjan Nepali
Aitihasik Upanyas Bhimsen Thapa by Shree Krishna Shrestha

Let's connect :

If you are on Facebook: [https://www.facebook.com/dipesh.tripa....]

If you are on Twitter: [https://twitter.com/NepaliComment]

If you are on Instagram: [https://www.instagram.com/dipesh.trip/]


Research by: Rubina Subedi (https://www.linkedin.com/in/rubina-subedi-284118234/)
Edited and Animations by:  Dungrey(https://www.instagram.com/khadka__ajay/)
Thumbnail by :Rabi Kandel (https://www.instagram.com/proto_flex/)"
How Nepathya Changed Nepali Music FOREVER? | Part 2,166140,2023-08-20,8954,382,"Nepathya might be one of the most influential and important music band in Nepal history. For the last three decades, they have been a force in nepali music industry. This is the story of how three young boys started this band, the extreme challenges they faced, and how they overcame all to arrive at success. This is the story of Nepathya, but this is also the story of Amrit Gurung who is the only member of the band that has remained constant in Nepathya. 

Let's connect :

If you are on Facebook: [https://www.facebook.com/dipesh.tripathi.35]
If you are on Twitter: [https://twitter.com/NepaliComment]
If you are on Instagram: [https://www.instagram.com/dipesh.trip/]

Research by: Bishwa Rai (https://www.instagram.com/bishwa546/
Edited by: Arpit Thapa Magar (https://www.instagram.com/arpit_akkun/)
Animations and Thumbnail by: Rabi Kandel (https://www.instagram.com/proto_flex/)"
How Nepathya Changed Nepali Music FOREVER? | Part 1,257025,2023-08-09,11046,477,"Nepathya might be one of the most influential and important music band in Nepal history. For the last three decades, they have been a force in nepali music industry. This is the story of how three young boys started this band, the extreme challenges they faced, and how they overcame all to arrive at success. This is the story of Nepathya, but this is also the story of Amrit Gurung who is the only member of the band that has remained constant in Nepathya. 

Let's connect :

If you are on Facebook: [https://www.facebook.com/dipesh.tripathi.35]
If you are on Twitter: [https://twitter.com/NepaliComment]
If you are on Instagram: [https://www.instagram.com/dipesh.trip/]

Research by: Bishwa Rai (https://www.instagram.com/bishwa546/
Edited by: Arpit Thapa Magar (https://www.instagram.com/arpit_akkun/)
Animations and Thumbnail by: Rabi Kandel (https://www.instagram.com/proto_flex/)

Ultima Exchange Mela : https://ultima.com.np/exchange/"
The Salt Revolution: How Nepal Overcame a Hidden Health Crisis,385863,2023-07-26,11819,427,"Most people don't realize that for decades Nepal was facing a serious health crisis that was affecting millions of people. Over 50% of the population had goiters - enlarged thyroid glands caused by a lack of iodine. Nepal lacked access to iodized salt and iodine supplements. This meant that children were being born with intellectual disabilities and other health issues. In this video, I'll share how Nepal overcame huge difficulties to finally solve this iodine crisis and bring an end to the goiter epidemic - a true hidden health success story.

Source: https://docs.google.com/document/d/1BL637k_SWAGlclr2JXMiVFkCSAjmiupPWQGPKuP9ko4/edit?usp=sharing

Let's connect : 

If you are on Facebook: [https://www.facebook.com/dipesh.tripathi.35]
If you are on Twitter: [https://twitter.com/NepaliComment]
If you are on Instagram: [https://www.instagram.com/dipesh.trip/]

Research by: Rijan Maharjan (https://www.facebook.com/rijan.maharjan.0528)
Animations and Edited by:  Dungrey (https://www.instagram.com/khadka__ajay/)
Thumbnail by: Rabi Kandel (https://www.instagram.com/proto_flex/)"
"Gaur Hatyakanda, 2063",116832,2023-07-22,6475,274,"On Chaitra 7, 2063, 26 individuals linked to the Communist Party of Nepal (Maoist) (CPNM) and one unidentified individual were brutally killed following violence which broke out when the Madheshi People’s Rights Forum (MPRF)and CPN-M organized simultaneous rallies at the same site in Gaur, Rautahat District. Popularly, Known as Gaur Hatyakanda, it is one of most brutal massacre in recent history of Nepal. But even after 16 years, the case is wide open. Who was behind it? Was it a political clash or a preplanned massacre? 

Source: https://docs.google.com/document/d/1U7nwOFH5S_ZujsqYR_IJMQvirW7v826ZLzqyI0rcRnk/edit?usp=sharing

Let's connect :

If you are on Facebook: [https://www.facebook.com/dipesh.tripathi.35.]
If you are on Twitter: [https://twitter.com/NepaliComment]
If you are on Instagram: [https://www.instagram.com/dipesh.trip/]

Research by: Parash Bikram Khadka (https://instagram.com/parashbikramk?igshid=MzNlNGNkZWQ4Mg==)
Edited by: Arpit Thapa Magar (https://www.instagram.com/arpit_akkun/)
Animations and Thumbnail by: Rabi Kandel (https://www.instagram.com/proto_flex/)"
Most High Profile Murder in Recent History of Nepal,649628,2023-07-16,13389,425,"On Jestha 19, 2069 started as a pretty normal day but it would soon become the day of most high profile murder case since Durbar Hatyakanda. The Justice of Supreme Court, Rana Bahadur Bam was murdered in broad daylight by some unknown men in the heart of Kathmandu. But who would kill him and why? Nepali Police launched an extensive investigation to find the murdered but it would takes more than 2 years to finally solve it. But exactly happened? 

Let's connect :

If you are on Facebook: [https://www.facebook.com/dipesh.tripathi.35]
If you are on Twitter: [https://twitter.com/NepaliComment]
If you are on Instagram: [https://www.instagram.com/dipesh.trip/]

Research by: Rubina Subedi (https://www.instagram.com/glitchinthematrix_._/)
Edited by: Arpit Thapa Magar (https://www.instagram.com/arpit_akkun/)
Animations and Thumbnail by: Rabi Kandel (https://www.instagram.com/proto_flex/)"
When Nuclear Disaster in Ukraine Stopped Milk Sales in Nepal,140183,2023-07-13,7903,48,
The BIGGEST CORRUPTION Scandal in Nepal Police History,789854,2023-07-12,17208,875,"Nepal is second largest contributor to UN Peace Keeping force and Nepal has contributed to several missions over the years and received global praise for it. But there is a chapter in history when Nepal's reputation got severely tarnished in what would be known as the ""SUDAN SCAM"" and would becomes the biggest corruption scandal in Nepal Police history. A case of almost 30 crores for the purchase of Armored Personal Carriers(APC's), equipment and even food items. But What exactly happened? And who was behind it. Join me as we go through one of the darkest episodes in Nepal Police history. 

Source: https://docs.google.com/document/d/1jMkil6NEHLjrP-cyHXc5d8FF3J9_naMRiyPVPEXN2bk/edit?usp=sharing

Let's connect :

If you are on Facebook: [https://www.facebook.com/dipesh.tripathi.35]
If you are on Twitter: [https://twitter.com/NepaliComment]
If you are on Instagram: [https://www.instagram.com/dipesh.trip/]

Research by: Rubina Subedi (https://www.instagram.com/glitchinthematrix_._/)
Animations and Edited by:  Dungrey (https://www.instagram.com/khadka__ajay/)
Thumbnail by: Rabi Kandel (https://www.instagram.com/proto_flex/)"
How Hospitals in Nepal became Money Making Machines,354281,2023-07-09,12798,760,"In this video, we dive deep into the harsh reality of Nepal's healthcare system, where hospitals have transformed into money-making machines. Join me as we shed light on the disturbing truth behind the prioritization of profit over patient care.

🏥 The Money Game: From ambulance drivers charging commissions to pharmaceutical companies overpricing medicines – we expose the unscrupulous practices that exploit vulnerable patients and their families.

💔 Mismanagement Woes: Discover how mismanagement in government hospitals forces citizens to seek treatment in private facilities, often draining them financially. We'll uncover shocking stories from individuals who've been left with no choice but to turn to these profit-oriented institutions.

💉 Advocating for Change: As concerned citizens, it's essential for us to understand the grave consequences of this broken healthcare system. Together, let's raise awareness about these issues and demand accountability from authorities.

Sources: https://docs.google.com/document/d/1ux2lYRkku4sSnz1UCLpZG9Sgv8CHkmmwkl2jW4fkFqM/edit?usp=sharing

Let's connect :

If you are on Facebook: [https://www.facebook.com/dipesh.tripathi.35]
If you are on Twitter: [https://twitter.com/NepaliComment]
If you are on Instagram: [https://www.instagram.com/dipesh.trip/]

Research by: Bishwa Rai (https://www.instagram.com/bishwa546/
Edited by: Arpit Thapa Magar (https://www.instagram.com/arpit_akkun/)
Animations and Thumbnail by: Rabi Kandel (https://www.instagram.com/proto_flex/)"
When Nepal Introduced Spinach to China #nepal #thenepalicomment #china #spinach,74644,2023-07-05,5322,120,
How Corruption is KILLING Nepal's Agriculture,189913,2023-07-04,6195,309,"Each year, Nepal needs close to a million tons of Chemical Fertilizer for the agriculture season. Like many other things, Nepal does not produce Chemical Fertilizer. What we see is a case of extreme mismanagement and corruption where either farmer receive very less fertilizer or have to depend on illegally imported ones at a very high cost. But why is there such a big negligence in such a sensitive sector and what's the actual reason behind it? 

Source:
https://docs.google.com/document/d/1vbln86234nRV47UncicSeRbphjscsChGs7FEk2UaCXA/edit?usp=sharing

Let's connect :
If you are on Facebook: [https://www.facebook.com/dipesh.tripathi.35.]
If you are on Twitter: [https://twitter.com/NepaliComment]
If you are on Instagram: [https://www.instagram.com/dipesh.trip/]

Research by: Bishwa Rai 
(https://www.instagram.com/bishwa546/)

Animations and Thumbnail: Rabi Kandel 
(https://www.instagram.com/proto_flex/)

Edited by:  Dungrey 
(dugery9849@gmail.com)"
When Fire Destroyed Singha Durbar #singhadurbar #thenepalicomment #nepal #fire,333122,2023-07-02,17034,70,
The Rise of Online Scammer in Nepal,130365,2023-06-30,5388,303,"I recently got a random message on WhatsApp saying I won a lottery, which is clearly a SCAM. I am pretty sure you must have received some suspicious messages in recent times. In fact, scammers steal millions of rupees each year from innocent people. I wanted to know what else was going on in Nepal and who was actually behind it. A person, a group, or a giant corporation of scammers operating via Call centers. This is the world of Scams.


Source: https://docs.google.com/document/d/1nKHGbMfItuFhrVd1nlA7xS7GKpKgj-z4cEw53rPuz-Q/edit?usp=drivesdk

Let's connect :

If you are on Facebook: [https://www.facebook.com/dipesh.tripathi.35]
If you are on Twitter: [https://twitter.com/NepaliComment]
If you are on Instagram: [https://www.instagram.com/dipesh.trip/]

Research by: Bishwa Rai (https://www.instagram.com/bishwa546/
Edited by: Arpit Thapa Magar (https://www.instagram.com/arpit_akkun/)
Animations and Thumbnail by: Rabi Kandel (https://www.instagram.com/proto_flex/)



#SafeKarobarSabaiKoLagi

#EmpoweringSafeDigitalTransactions #StayInformed #DigitalTransactionsSecurity
#DigitalTransactionSafety #SecureDigitalTransactions #StayProtected"
Why Elephant Polo is not played in Nepal anymore? #elephant  #sports  #thenepalicomment,41776,2023-06-29,2781,17,"Elephant polo is a unique sport played in Nepal that combines the grace of polo with the power and majesty of elephants. The game involves two teams of players riding on elephants and trying to hit a small ball into the opponent's goal using long mallets. It is played on a grass field with similar rules to traditional polo. In the past, Nepal used to host an annual Elephant Polo Tournament, which attracted teams from around the world. However, due to concerns about the welfare of elephants during the training and playing of polo, Nepal no longer hosts such events"
Nepal's first Film Hall,123655,2023-06-26,6769,42,The Story of Nepal's first Film Hall
How Nepal grew it's Forest Back,61531,2023-06-22,4866,26,
How Lakhs of Nepali became STATELESS?,215568,2023-06-21,7518,832,"Citizenship is not just a piece of  government document but it is much more than that. Without it, you wont be able to get a job in Nepal, open bank account, or get a passport. Now imagine a situation where both you parents are Nepali Citizen, you were born in Nepal, lived in Nepal for years, but now you are barred from having Citizenship. This is a reality for several lakhs of people in Nepal who have waited for years to obtain it. But how did this happen? And you must have seen the recent debates on the new Citizenship Amendment Act, which has triggered a nationwide debate on if it be used to give Citizenship to Indian. So, what is it and what's going on?

Sources: https://docs.google.com/document/d/1HJozubKdXUN9qJRiCODcBdNQePKLuHMpFchbToUN2s8/edit?usp=sharing

Let's connect :

If you are on Facebook: [https://www.facebook.com/dipesh.tripathi.35.]
If you are on Twitter: [https://twitter.com/NepaliComment]
If you are on Instagram: [https://www.instagram.com/dipesh.trip/]

Research by: Parash Bikram Khadka (https://instagram.com/parashbikramk?igshid=MzNlNGNkZWQ4Mg==)
Edited by:  Dungrey (https://www.instagram.com/khadka__ajay/)"
Nepal's First Hydro Power: Pharping,376116,2023-06-18,17613,76,
The Story of Ghanta Ghar #thenepalicomment #ghantaghar #nepal #kathmandu,197855,2023-06-14,11595,62,
Why is SUIC*DE increasing in Nepal?,106507,2023-06-13,10066,485,"In the last 10 years, we have seen a 72% increase in Suic*de Cases in Nepal. There has been a surge in Men, Women and even Minor cases. And No one is talking about it and there has been very few initiative to tackle this. So, what is happening in Nepal and why are Nepali taking their own lives? 

Association between COVID-19 pandemic and the suic*de rates in Nepal : https://pubmed.ncbi.nlm.nih.gov/35073377/

Source: https://docs.google.com/document/d/1Cy11MEUR63D2rC20OORuf_OVvAF8qGLGXuzvgcIm4XU/edit?usp=sharing

Let's connect :

If you are on Facebook: [https://www.facebook.com/dipesh.tripathi.35]
If you are on Twitter: [https://twitter.com/NepaliComment]
If you are on Instagram: [https://www.instagram.com/dipesh.trip/]

Research by: Rubina Subedi (https://www.instagram.com/glitchinthematrix_._/)
Edited by: Arpit Thapa Magar (https://www.instagram.com/arpit_akkun/)
Animations and Thumbnail by: Rabi Kandel (https://www.instagram.com/proto_flex/)"
Remember 10 rupees Plastic Nepali Note?? #nepal #nepalicurrency #thenepalicomment #nepalrastrabank,1286505,2023-06-10,55213,169,What went wrong with 10 rupees plastic nepali notes?
Why the Innocent Can't Get Out of Prison,223429,2023-06-08,10259,428,"Nepal's legal system struggles with a number of issues that often lead to innocent people being convicted. Police investigations lack rigor and rely heavily on coerced confessions. Forensic evidence is rarely collected or analyzed properly. Legal aid is lacking, especially for the poor. The courts struggle with case backlogs, and judges often give in to political pressure. All of this means that even with the best of intentions, the system traps innocent people - ruining lives and undermining trust in the justice system.
An expert estimates around 20% of people in jail are innocent, so what is going on and how did we reach here?

Sources: https://docs.google.com/document/d/1ZCfysdItrodCEnpaBvwV7CXOygChR49vfCMHPP_fX-U/edit?usp=sharing

Let's connect :

If you are on Facebook: [https://www.facebook.com/dipesh.tripa....]

If you are on Twitter: [https://twitter.com/NepaliComment]

If you are on Instagram: [https://www.instagram.com/dipesh.trip/]


Research by: Rubina Subedi (https://instagram.com/glitchinthematrix_._?igshid=YmMyMTA2M2Y=)
Edited by:  Dungrey(https://www.instagram.com/khadka__ajay/)
Thumbnail  and Animations  by :Rabi Kandel (https://www.instagram.com/proto_flex/)"
Oldest Ropeway of South Asia #nepal #ropewayinnepal #ropeway #thenepalicomment,107756,2023-06-06,5049,33,Oldest Ropeway of South Asia #nepal #ropewayinnepal #ropeway
How is Nepali Kagaj Made? #nepal #nepalipaper #loktapaper,69735,2023-06-01,5744,36,How is Nepali Kagaj Made? #nepal #nepalipaper #loktapaper
Why NEPAL needs a NEW CAPITAL CITY?,1238809,2023-05-31,27732,1879,"Nepal's current capital city of Kathmandu is facing serious challenges that are impeding the country's progress. Kathmandu's population has grown rapidly in recent decades, straining the city's infrastructure and resources. Traffic congestion, pollution, overcrowding and rising housing costs have become the norm. The city's vulnerability to natural disasters like earthquakes  further illustrate the need for a new, more sustainable capital. A new capital city could be better designed to meet Nepal's needs for the 21st century and beyond. It could provide an opportunity for economic growth beyond tourism and alleviate some of the pressures facing Kathmandu. While changing a capital city is a complex endeavor, the current problems afflicting Kathmandu strongly suggest that Nepal should seriously consider this option to help build a more prosperous and livable nation for future generations. So, is it time Nepal adopts a new Capital City?

Sources: https://docs.google.com/document/d/1DxRNns0yoYlV0DYXHC161yXEIjn39oMRRQ_Bjc9x9ZQ/edit?usp=sharing

Let's connect :

If you are on Facebook: [https://www.facebook.com/dipesh.tripathi.35.]

If you are on Twitter: [https://twitter.com/NepaliComment]

If you are on Instagram: [https://www.instagram.com/dipesh.trip/]

Research by: Bishwa Rai (https://www.instagram.com/bishwa546/)

Animations and Thumbnail: Rabi Kandel (https://www.instagram.com/proto_flex/)

Edited by:  Dungrey (dugery9849@gmail.com)
                  Arpit Thapa Magar (https://www.instagram.com/arpit_akkun/)"
Nepali Language is Dying before Our Eyes,287886,2023-05-25,12133,1388,"Few months ago, I made a community post asking if you have a younger brother or sister or someone who does not like to study Nepali. And the majority of people said Yes. So, what is going on? Why are the younger generation specially the Urban School Students feels so uninterested to study Nepali? But if this goes on and newer generation stop using Nepali, will it also extinct? 

Sources: https://docs.google.com/document/d/1tqsxFeUoLhvZSrZ7yNY_98yXSBNznFY617yjlZ9-84U/edit?usp=sharing

Let's connect :

If you are on Facebook: [https://www.facebook.com/dipesh.tripathi.35.]

If you are on Twitter: [https://twitter.com/NepaliComment]

If you are on Instagram: [https://www.instagram.com/dipesh.trip/]
Research by: Rijan Maharjan (https://www.facebook.com/rijan.maharjan.0528)
Edited by: Mr Dungrey(https://www.instagram.com/khadka__ajay/)
Animations and Thumbnail by: Rabi Kandel (https://www.instagram.com/proto_flex/)

Visit Clamphook:
https://clamphook.com/"
"Every Nepali Border Conflict, EXPLAINED",374850,2023-05-22,15390,2279,"I recently stumbled upon some articles that talked about the border conflicts of Nepal. I knew about only two such conflicts. One in Kalapani-Lipulekh-Limpiyadhura area and the other in Susta but there were so many places that I did not know. Thus, I started researching about these border problems. And after months of research and difficult process of mapping them all, here is every encroached border of Nepal.

Sources: https://docs.google.com/document/d/1KVq28e6w_sjXQAmDpVM0BUOudkNXwMC4hp-ACmMCODI/edit?usp=sharing

Let's connect :

If you are on Facebook: [https://www.facebook.com/dipesh.tripathi.35.]

If you are on Twitter: [https://twitter.com/NepaliComment]

If you are on Instagram: [https://www.instagram.com/dipesh.trip/]
Research by: Rijan Maharjan (https://www.facebook.com/rijan.maharjan.0528)

Map Animations and Thumbnail by: Rabi Kandel (https://www.instagram.com/proto_flex/)

Edited by: Mr Dungrey(https://www.instagram.com/khadka__ajay/)

Visit Clamphook:
https://clamphook.com/"
Who Really Got to Sagarmatha First? Tenzing or Hillary?,592510,2023-05-08,16115,594,"On May 29th, 1953, Tenzing Norgay and Edmund Hillary became the first people to stand on top of the world at 8,848 meters, marking a historic moment in human perseverance and exploration. In this video, we explore the inspiring story of how these two men conquered Everest and cemented their legacy as the first to summit the tallest peak on earth. But soon controversy broke out about who reached first on Everest and Tenzing's Nationality. Come join me as we go through this Epic Story. 

Sources: https://docs.google.com/document/d/18tyEY8Bd_hDuPRr_qRh-LSTs4FFaqAzd2dBzF7dvvek/edit?usp=sharing

Let's connect :

If you are on Facebook: [https://www.facebook.com/dipesh.tripathi.35.]

If you are on Twitter: [https://twitter.com/NepaliComment]

If you are on Instagram: [https://www.instagram.com/dipesh.trip/]
Research by: Rijan Maharjan (https://www.facebook.com/rijan.maharjan.0528)
Edited by: Mr Dungrey(https://www.instagram.com/khadka__ajay/)
Animations and Thumbnail by: Rabi Kandel (https://www.instagram.com/proto_flex/)
Sub-Editor: Arpit Thapa Magar (https://www.instagram.com/arpit_akkun/)

More about Mentorlab and Upgrad:
https://www.upgrad.mentorlabnepal.com/
https://www.mentorlabnepal.com/"
Nepal's Hidden Fight Against BANMARA,692958,2023-04-28,25591,883,"The Banmara plant is an invasive alien species that has been silently taking over Nepal's ecosystems. In this video, we will explore the dangers of Banmara and its effects on the environment. Understand the reason behind its devastating spread and learn how we can prevent it from destroying our forests. Join me as I uncover this silent forest killer, so that we can protect Nepal's ecosystems before it's too late.

Sources: https://docs.google.com/document/d/11qSPCXk-mEX_yhSX6QEnoiU-s6v-OUEBIuWVCLGqA64/edit?usp=sharing

Let's connect :

If you are on Facebook: [https://www.facebook.com/dipesh.tripa....]

If you are on Twitter: [https://twitter.com/NepaliComment]

If you are on Instagram: [https://www.instagram.com/dipesh.trip/]


Research by: Rubina Subedi (https://instagram.com/glitchinthematrix_._?igshid=YmMyMTA2M2Y=)
Edited by:  Dungrey(https://www.instagram.com/khadka__ajay/)
Thumbnail  and Animations  by :Rabi Kandel (https://www.instagram.com/proto_flex/)
Sub-Editor: Arpit Thapa Magar (https://www.instagram.com/arpit_akkun/"
When USA Secretly funded Rebels to fight China in Nepal,553367,2023-04-24,12812,1253,"In the late 1950s, the CIA secretly launched a mission to support Tibetan Khampa Rebels in Nepal against Chinese forces and stop the spread of communism. I'll explain why the mission failed and why it's a fascinating piece of history that's been forgotten by most. Together, we'll uncover the hidden story of the CIA's secret mission - and what happened to the fighters that were left in its wake.

Let's connect :

If you are on Facebook: [https://www.facebook.com/dipesh.tripa....]

If you are on Twitter: [https://twitter.com/NepaliComment]

If you are on Instagram: [https://www.instagram.com/dipesh.trip/]
Research by: Rubina Subedi (https://instagram.com/glitchinthematrix_._?igshid=YmMyMTA2M2Y=)
Edited by:  Dungrey(https://www.instagram.com/khadka__ajay/)
Animations and Thumbnail by: Rabi Kandel (https://www.instagram.com/proto_flex/)
Sub-Editor: Arpit Thapa Magar (https://www.instagram.com/arpit_akkun/)

Sources:
The CIA's Secret War in Tibet
Kenneth J. Conboy, James Morrison:
https://www.amazon.com/CIAs-Secret-Tibet-Modern-Studies/dp/0700617884
https://tchrd.org/tag/gentlemens-agreement/
https://elibrary.tucl.edu.np/bitstream/123456789/9655/1/Full%20THesis.pdf
https://geneva.usmission.gov/2021/01/21/us-statement-at-the-upr-of-nepal-2/
https://myrepublica.nagariknetwork.com/news/nepal-to-ban-march-10-tibetan-uprising-day-events/
https://caamedia.org/shadowcircus/chu.html
https://www.recordnepal.com/secret-nepal-file-foreign-commonwealth-office-nepal-information-khampa
https://smallwarsjournal.com/jrnl/art/cia-tibet-1957-1969
https://www.jstor.org/stable/26202084
https://savetibet.org/news/the-shadow-circus-the-cia-in-tibet/"
Uncovering the REAL Cause of Nepal's Blood Shortage,304247,2023-04-18,12189,487,"Blood banks save lives and provide hope to those in desperate need. However, the dark truth of blood banks in Nepal is far from hope. In this video, I'll be talking about the corrupt mismanagement and the greedy practices that have infiltrated the blood bank industry in Nepal. From lack of transparency to illegal blood trading, come join me as I expose the problems with the blood banks in Nepal.

Special Thanks to Prem Sagar Karmacharya and Dr. Bipin Nepal for their valuable inputs.

Let's connect :

If you are on Facebook: [https://www.facebook.com/dipesh.tripathi.35.]

If you are on Twitter: [https://twitter.com/NepaliComment]

If you are on Instagram: [https://www.instagram.com/dipesh.trip/]
Research by: Rijan Maharjan (https://www.facebook.com/rijan.maharjan.0528)
Edited by: Mr Dungrey(https://www.instagram.com/khadka__ajay/)
Animations and Thumbnail by: Rabi Kandel (https://www.instagram.com/proto_flex/)
Sub-Editor: Arpit Thapa Magar (https://www.instagram.com/arpit_akkun/)

Articles
https://english.onlinekhabar.com/blood-donation-prem-sagar-karmacharya.html
https://www.himalkhabar.com/news/127996
https://kathmandupost.com/health/2019/05/01/kathmandus-blood-banks-are-running-out-of-blood
https://kathmandupost.com/national/2019/05/06/death-of-a-child-due-to-blood-mismatch-raises-concerns-over-top-heart-centres-safety-protocols
https://myrepublica.nagariknetwork.com/news/are-blood-transfusions-to-patients-in-nepal-safe/
https://thehimalayantimes.com/kathmandu/262439-pints-of-blood-collected-last-fiscal

YouTube
https://www.youtube.com/watch?v=7c2ngKmFxRE
https://www.youtube.com/watch?v=ecD8Z2SkxTo&t=586s
https://www.youtube.com/watch?v=WMtcVRay1lE&t=1249s
https://www.youtube.com/watch?v=3PWnpcvorVo
https://www.youtube.com/watch?v=2ey79XnfrVY

National Blood Transfusion Policy 2071
https://www.opmcm.gov.np/wp-content/uploads/npolicy/Health/Blood%20niti2071.pdf"
Ram Bahadur Bomjan : Buddha or Criminal?,1498206,2023-04-08,31126,1618,"Ram Bahadur Bomjan, also known as Little Buddha, was one of the most famous men in Nepal at one time. He was the spiritual leader of thousands of people but today he is a fugitive. So how did he transition from being a spiritual leader to an accused criminal? In this video, I'll explore the remarkable rise and dramatic fall of Ram Bahadur Bomjan, and I'll answer the question: What caused him to go from being an admired holy man to a wanted criminal?

Let's connect :

If you are on Facebook: [[https://www.facebook.com/dipesh.tripathi.35.]]

If you are on Twitter: [[https://twitter.com/NepaliComment]

If you are on Instagram: [[https://www.instagram.com/dipesh.trip/]
Research by: Rijan Maharjan ([https://www.facebook.com/rijan.maharjan.0528]
Edited by: Dungrey([https://www.instagram.com/khadka__ajay/]
Animations and Thumbnail by: Rabi Kandel ([https://www.instagram.com/proto_flex/]

### Links

Discovery Documentary

[https://www.youtube.com/watch?v=6Qtwq9C28uo&t=398s]

Halkhoriya times - Mareehi

[https://halkoriatimes.wordpress.com/]
[https://www.youtube.com/@MareechiatTheHalkhoriyaTimes]

Ram Bahadur Bomjan

[https://www.youtube.com/@bsds_org/videos]
[https://bsds.org/en/]

[https://www.facebook.com/MaitriVoiceTvNP]

Travel Story and Research paper

[https://www.gq.com/story/ram-bornjon-miracle-meditating]
[https://paperap.com/paper-on-ram-bahadur-bomjon-research-paper-sources/]

YouTube links
[https://www.youtube.com/watch?v=GSFvsed3QgQ&t=5s]
[https://www.youtube.com/watch?v=8phe0Bj-s9s&t=35s]

News article

[(https://www.telegraph.co.uk/news/worldnews/asia/nepal/1503549/Pilgrims-flock-to-see-Buddha-boy-said-to-have-fasted-six-months.html)
[http://news.bbc.co.uk/2/hi/south_asia/4824530.stm]
[https://www.theguardian.com/world/2019/jan/07/nepali-police-investigate-buddha-boy-ram-bahadur-bomjan-after-several-devotees-disappear]"
The Story of two Dharaharas,1882060,2023-03-30,91495,147,This is the tale of two Dharaharas. #dharahara #nepal #earthquake
How Rice Took Over Nepal (and why it is a problem),467249,2023-03-27,18066,753,"Rice/Bhat is our main staple diet in Nepal. There's hardly any day where we do not consume rice. But the interesting thing is we did not consume rice like this always. Our love for rice is very recent.
But we import most of our rice from India creating a massive trade deficit and also recent studies have shown that rice may not be the most healthy and nutritious crop. But how did we reach here?
How did this one crop that was just consumed by people from upper class, and some limited families became such a important part of our diet? This is the story of Rice.

Bhokmandu: Whatsapp / Viber: +977-9851108888
https://bhokmandu.com.np/

Let's connect :

If you are on Facebook: [https://www.facebook.com/dipesh.tripathi.35.]

If you are on Twitter: [https://twitter.com/NepaliComment]

If you are on Instagram: [https://www.instagram.com/dipesh.trip/]
Research by: Rijan Maharjan (https://www.facebook.com/rijan.maharjan.0528)
Edited by: Mr Dungrey(https://www.instagram.com/khadka__ajay/)
Animations and Thumbnail by: Rabi Kandel (https://www.instagram.com/proto_flex/)
Sub-Editor: Arpit Thapa Magar (https://www.instagram.com/arpit_akkun/)


Sources:
Newspaper
https://kathmandupost.com/food/2019/01/18/how-rice-became-a-staple-in-the-hills-and-mountains-and-why-thats-unsustainable
https://kathmandupost.com/money/2018/01/17/nepalis-eating-less-rice-compared-to-a-decade-ago
https://www.nepalitimes.com/here-now/are-nepalis-really-eating-more-rice
https://www.nepalitimes.com/opinion/work-for-food
https://www.nepalitimes.com/editorial/nepals-rice-economy
https://english.onlinekhabar.com/sri-rice-farming-nepal.html
https://english.onlinekhabar.com/rice-maybe-unhealthy-think-not-just-carbs.html
https://english.onlinekhabar.com/rice-maybe-unhealthy-think-not-just-carbs.html
https://myrepublica.nagariknetwork.com/news/dependency-on-rice-increasing-annual-import-touches-rs-50-billion
https://myrepublica.nagariknetwork.com/news/new-technology-can-revolutionize-agriculture-in-nepal/
https://theannapurnaexpress.com/news/nepal-still-importing-rice-sending-out-over-rs-26-billion-a-year-3376
https://theannapurnaexpress.com/news/india-to-export-600-000-tons-of-unmilled-rice-to-nepal-33528

Research papers
https://www.ncbi.nlm.nih.gov/pmc/articles/PMC2759204/
https://www.nepjol.info/index.php/AJN/article/view/44796/33691
http://doacrop.gov.np/public/uploads/Pdffile/Rice_Varietal_Mapping_1470895701_1512106555-16567.pdf
https://web.mit.edu/12.000/www/m2019/project1/India.pdf
http://www.tepc.gov.np/tradeagreement/Treaty%20of%20Trade.pdf"
Forest Fire is destroying Nepal ( and why no one Cares),320045,2023-03-18,12024,487,"Few days ago, I was returning back to Kathmandu Valley when I saw a forest fire in a surrounding hill. A very normal sighting these days. But as I started looking at the data across the country and got inside nit-picky things, it was really distressing. Nepal loses 2 lakh hectare of forest each year from such fires, which is more than double the total area of Chitwan National Park. In recent years, forest fires has been on the rise and this might become a very serious threat  very soon but there has been very few initiation to fight against it. So, this is how forest fire is destroying Nepal and why no one cares.

Let's connect :

If you are on Facebook: [https://www.facebook.com/dipesh.tripathi.35.]

If you are on Twitter: [https://twitter.com/NepaliComment]

If you are on Instagram: [https://www.instagram.com/dipesh.trip/]

Editor: Dungrey(https://www.instagram.com/khadka__ajay/)
Sub-Editor: Arpit Thapa Magar (https://www.instagram.com/arpit_akkun/)
Animations and Thumbnail: Rabi Kandel (https://www.instagram.com/proto_flex/)
Research by: Bishwa Rai (https://www.instagram.com/bishwa546/)

Fire Map by NASA: https://firms.modaps.eosdis.nasa.gov/map/#t:adv;d:2021-03-02;@84.7,28.2,8z
We extensively used Fire Map from NASA to see forest fires. If you are free, do check out the historical feature and go back in time to see the number of fires not just in Nepal but around the world.

Sources:
https://www.nepalitimes.com/latest/protecting-nepals-forests-from-fires/
https://www.nepalitimes.com/banner/while-the-forests-are-burning
https://forestaction.org/wp-content/uploads/2022/06/3_Pandey-et-al.pdf
https://www.recordnepal.com/nepal-breathes-uneasy
https://www.recordnepal.com/fire-in-the-mountains
https://www.recordnepal.com/theres-poison-in-the-air
https://gfmc.online/iffn/country/np/np_1-2.html
https://www.cgednepal.org/project/revision-of-forest-fire-management-strategy-2067-and-preparation-of-forest-fire-resilience-framework-and-action-plan-ndrrma-ffms-01-2078-79/
https://www.researchgate.net/publication/261803902_Forest_Fire_in_Nepal
https://kathmandupost.com/climate-environment/2021/11/12/cop26-and-nepal-s-climate-commitments
https://earthobservatory.nasa.gov/images/148185/a-fierce-fire-season-in-nepal
https://gfmc.online/wp-content/uploads/05-IFFN-34-Nepal-1-2.pdf
https://www.theaustraliatoday.com.au/improving-fire-risk-management-in-nepal-through-joint-collaboration-with-australia/
https://www.iqair.com/nepal
https://www.nepalitimes.com/banner/who-now-owns-nepals-forests
https://www.google.com/amp/s/www.citiplat.org/amp/reviving-nepal-s-community-forestry-success-story
https://www.usu.edu/today/story/year-of-intense-wildfires-in-nepal-may-help-scientists-predict-future-blazes
https://kathmandupost.com/climate-environment/2022/12/09/nepal-s-forests-vulnerable-to-increasingly-fierce-fires"
The Deadliest Plane CRASH in Kathmandu Airport| US Bangla 211,829435,2023-03-12,13837,288,"On March 12, 2018, US Bangla BS 211 plane crashed along runway in
Tribhuvan Airport, Kathmandu on its way from Dhaka Bangladesh killing 
51 people on board. The weather was fine, there was no mechanical failure,
yet the plane was erractic and almost hit the control tower before crashing
on the side of runway. But What really happened? This is the story of the
deadliest plane crash in Tribuvan Airport. 

Let's connect :

If you are on Facebook: [https://www.facebook.com/dipesh.tripathi.35.]

If you are on Twitter: [https://twitter.com/NepaliComment]

If you are on Instagram: [https://www.instagram.com/dipesh.trip/]

Edited by: Dungrey(https://www.instagram.com/khadka__ajay/)
Animations and Thumbnail by: Rabi Kandel (https://www.instagram.com/proto_flex/)

Sources:
Link to final crash report: https://reports.aviation-safety.net/2018/20180312-0_DH8D_S2-AGU.pdf
Conversation in Cockpit: https://tailstrike.com/database/12-march-2018-us-bangla-airlines-211/
Nepal vs Bangladesh: https://archive.dhakatribune.com/world/south-asia/2019/01/28/us-bangla-flight-211-probe-report-nepal-bangladesh-investigators-differ-on-crash-cause
Whom to blame: https://www.thedailystar.net/world/south-asia/news/us-bangla-plane-crash-pilot-error-vs-tower-error-1694020
$19m lawsuit: https://kathmandupost.com/national/2019/07/31/families-of-us-bangla-airlines-crash-victims-file-19-million-lawsuit
FlightRadar24 data: https://twitter.com/flightradar24/status/973130937553780736?lang=en

Other:
https://www.youtube.com/watch?v=76AVBxmZZT8
https://www.nepalitimes.com/banner/1-year-after-us-bangla-crash-fingers-point-to-pilot
https://www.bbc.com/news/world-asia-47027742
https://www.hindustantimes.com/world-news/us-bangla-plane-crash-that-killed-51-caused-by-pilot-smoking-in-cockpit-report/story-uiib26vFlmY9JkkC7Hkx6H.html
https://thehimalayantimes.com/nepal/supreme-court-rejects-plea-to-halt-compensation-hearing
https://www.aeroinside.com/airline/us-bangla-airlines"
How Nepal doubled its TIGER Population,523176,2023-03-03,38632,160,
Nepal's BIGGEST SCAM,528851,2023-02-26,11632,526,"This is the story of a company that became one of the biggest company in just 4 years of operation. It has operation all over Nepal, and other 17 countries and was active in more than 60 countries. With more than 6 lakh
members (3.5 lakh) in Nepal alone, it had collected more than 900 Crores( 300+ Crores) in Nepal. It has 40+ projects in energy, industry, hospitality, health, etc. But it soon came down even quicker than it had risen. The founder were jailed, some remain in hideout for years. Lakh of people lost their money and life savings. But what happened and how. This is the Story of Unity Life International.


Let's connect :

If you are on Facebook: [https://www.facebook.com/dipesh.tripathi.35.]

If you are on Twitter: [https://twitter.com/NepaliComment]

If you are on Instagram: [https://www.instagram.com/dipesh.trip/]

Edited by: Dungrey(https://www.instagram.com/khadka__ajay/)
Animations and Thumbnail by: Rabi Kandel (https://www.instagram.com/proto_flex/)

Sources:

Must Read:
Supreme Court Verdict: https://supremecourt.gov.np/web/assets/downloads/judgements/066-WO-1293.pdf

Articles:
https://thehimalayantimes.com/kathmandu/unity-life-international-md-director-nabbed
https://english.khabarhub.com/2020/17/97129/
https://www.deshkonews.com/archives/3757
https://myrepublica.nagariknetwork.com/news/high-court-acquits-unity-life-promoters/
https://kathmandupost.com/miscellaneous/2015/08/01/unity-honchos-in-net-after-5-yrs-on-the-run
https://kathmandupost.com/miscellaneous/2014/04/01/court-convicts-12-unity-honchos
https://www.academia.edu/50166322/Corporate_Independent_Personality_final
https://kathmandupost.com/money/2020/07/27/hed-government-defends-licences-issued-to-firms-engaged-in-networking-business
https://kathmandupost.com/valley/2017/06/13/over-100-nabbed-over-illegal-network-business"
How WTO KILLED Nepali Garment Industry,298331,2023-02-15,10686,419,"25 years ago, there was a booming garment industry in Nepal that brought in more than $200 million in a year. The directly employed worker reached almost a lakh people but just a decade later, it all came crashing down. From the dizzying heights in 1999 to the demise post 2005 but what exactly happened? 

Unlike other industries that failed in Nepal whose primary cause was politics and mismanagement, the fall of this industry lies beyond our border. Sit back and lets dive in.

Let's connect :

If you are on Facebook: [https://www.facebook.com/dipesh.tripathi.35.]

If you are on Twitter: [https://twitter.com/NepaliComment]

If you are on Instagram: [https://www.instagram.com/dipesh.trip/]

Edited by: Mr. Dungrey (https://www.instagram.com/khadka__ajay/)
Animations and Thumbnail by: Rabi Kandel (https://www.instagram.com/proto_flex/)

Sources:

Must Read:
Death of an Industry: Mallika Shakya (https://www.amazon.in/Death-Industry-Cultural-Manufacturing-Revolution/dp/1107191262)

PDF's:
https://cuts-citee.org/pdf/Case_Study-Nepalese_Garments_Industry_and_Poverty_Reduction.pdf
https://himalaya.socanth.cam.ac.uk/collections/journals/contributions/pdf/CNAS_31_02_04.pdf

Other Links:
https://www.newbusinessage.com/MagazineArticles/view/2964
https://ganasso.org.np/
https://www.nepalitimes.com/banner/a-post-mortem-of-nepals-garment-boom/
https://nepalindata.com/ne/Export-of-Nepali-readymade-garment-hits-13-year-high/
https://thehimalayantimes.com/opinion/seize-the-opportunity
https://nepalilanguage.org/blog/us-trade-preferences-for-nepal
https://www.fibre2fashion.com/news/textile-news/nepal-s-textile-industry-on-verge-of-collapse-ntia-267788-newsdetails.htm"
Part 3  - The Untold Story of Martyrs of Nepal,304344,2023-01-30,11017,546,"86 years ago, a group of young men embarked on mission to fight against the most powerful family in Nepal, the ruling class of Rana Regime. After 4 years of struggle, they were caught. 500 of them were tortured and jailed. Among them, the four were given death penalty whom we now call the 4 Martyrs of Nepal. We talk about their death but do not talk about why they decided to fight against the Rana. How did they meet? How did they protest? Why were the Ranas so angered with them? All the answers in this series about those heroes. 
In the last part of the series, we look into their finals days, the final protest, the betrayal and the end that made them immortal. 

Timestamp:
0:00 From last part
0:28 The Cyclostyle
0:55 The Pamphlet
02:50 Ranas fight back
03:10 The Party expands
03:57 It has begun
04:35 Mass Arrests
05:18 The Betrayal
06:10 The Interrogation begins
07:11 Tanka is captured
08:14 Final Proceedings
09:03 The Punishments
11:00 Death is not the end
13:00 It's not over yet




Let's connect :

If you are on Facebook: [https://www.facebook.com/dipesh.tripathi.35.]

If you are on Twitter: [https://twitter.com/NepaliComment]

If you are on Instagram: [https://www.instagram.com/dipesh.trip/]

Edited by: Dungrey (https://www.instagram.com/khadka__ajay/)
Research by: Rijan Maharjan (https://www.facebook.com/rijan.maharjan.0528)
Animations and Thumbnail by: Rabi Kandel (https://www.instagram.com/proto_flex/)

Sources are from the following book and papers:
नेपालको प्रजातान्त्रिक आन्दोलनमा नेपाल प्रजापरिषद्को भूमिका - Dr. Rajesh Gautam
Singha Durbar: Rise and Fall of the Rana Regime of Nepal - Sagar SJB Rana
The Life and Times of Maharaja Juddha Shumsher Jung Bahadur Rana of Nepal - Ishwori Prashad
The Relation between Kathmandu and Palpa during Rana Regime - Dan Edwards"
PART 2 - The Untold Story of Martyrs of Nepal,251308,2023-01-29,8777,368,"86 years ago, a group of young men embarked on mission to fight against the most powerful family in Nepal, the ruling class of Rana Regime. After 4 years of struggle, they were caught. 500 of them were tortured and jailed. Among them, the four were given death penalty whom we now call the 4 Martyrs of Nepal. We talk about their death but do not talk about why they decided to fight against the Rana. How did they meet? How did they protest? Why were the Ranas so angered with them? All the answers in this series about those heroes. 
In the Second part of the series, we look into their initial days, the campaign from India and the hurdles in their journey.

TimeStamp:
0:00 King Tribhuvan on the team
1:30 The Initial Plan
2:38 Janta Newspaper
3:00 The Conflict
3:35 The battle begins
5:00 Ranas are scared
6:00 Shukra Raj Shastri
8:21 The Action
9:25 What's next
Let's connect :

If you are on Facebook: [https://www.facebook.com/dipesh.tripathi.35.]

If you are on Twitter: [https://twitter.com/NepaliComment]

If you are on Instagram: [https://www.instagram.com/dipesh.trip/]

Edited by: Dungrey (https://www.instagram.com/khadka__ajay/)
Research by: Rijan Maharjan (https://www.facebook.com/rijan.maharjan.0528)
Animations and Thumbnail by: Rabi Kandel (https://www.instagram.com/proto_flex/)

Sources are from the following book and papers:
नेपालको प्रजातान्त्रिक आन्दोलनमा नेपाल प्रजापरिषद्को भूमिका - Dr. Rajesh Gautam
Singha Durbar: Rise and Fall of the Rana Regime of Nepal - Sagar SJB Rana
The Life and Times of Maharaja Juddha Shumsher Jung Bahadur Rana of Nepal - Ishwori Prashad
The Relation between Kathmandu and Palpa during Rana Regime - Dan Edwards"
PART 1 - The Untold Story of Martyrs of Nepal,399163,2023-01-24,14072,675,"86 years ago, a group of young men embarked on mission to fight against the most powerful family in Nepal, the ruling class of Rana Regime. After 4 years of struggle, they were caught. 500 of them were tortured and jailed. Among them, the four were given death penalty whom we now call the 4 Martyrs of Nepal. We talk about their death but do not talk about why they decided to fight against the Rana. How did they meet? How did they protest? Why were the Ranas so angered with them? All the answers in this series about those heroes. 
In the first part of the series, we look into their back story, the formation of Praja Parishad and the challenges in their journey.

Timestamp:
0:00 The Rule of Rana
0:58 The Fighters
1:56 How Ranas Ruled
2:36 The Football Match
03:17 Tribhuvan's Plan
03:50 Tanka Prashad Acharya
04:54 Dasrath Chand
06:39 Dharma Bhakta Mathema
08:39 Nepal Praja Parishad
9:45 What is to Come?

Let's connect :

If you are on Facebook: [https://www.facebook.com/dipesh.tripathi.35.]

If you are on Twitter: [https://twitter.com/NepaliComment]

If you are on Instagram: [https://www.instagram.com/dipesh.trip/]

Edited by: Dungrey (https://www.instagram.com/khadka__ajay/)
Research by: Rijan Maharjan (https://www.facebook.com/rijan.maharjan.0528)
Animations and Thumbnail by: Rabi Kandel (https://www.instagram.com/proto_flex/)

Sources are from the following book and papers:
नेपालको प्रजातान्त्रिक आन्दोलनमा नेपाल प्रजापरिषद्को भूमिका - Dr. Rajesh Gautam
Singha Durbar: Rise and Fall of the Rana Regime of Nepal - Sagar SJB Rana
The Life and Times of Maharaja Juddha Shumsher Jung Bahadur Rana of Nepal - Ishwori Prashad
The Relation between Kathmandu and Palpa during Rana Regime - Dan Edwards"
BEWARE of these Loan Sharks of Nepal,204017,2023-01-17,8717,359,"In August 2022, a group of individual came to Kathmandu and protested. Their demand? Protection from the Meter Byaji or Loan Sharks who had trapped them by charging extremely high interest rates and doing all sorts of tricks to keep them paying. There were cases where the victim had paid 10 times the loan amount and yet they were asked for more. So, if these cases are so clear, why no one is doing anything and how Meter Byaji traps innocent people for life?

Let's connect :
If you are on Facebook: [https://www.facebook.com/dipesh.tripathi.35.]
If you are on Twitter: [https://twitter.com/NepaliComment]
If you are on Instagram: [https://www.instagram.com/dipesh.trip/]
Research by: Bishwa Rai (https://www.instagram.com/bishwa546/)
Edited by: Ajay Khadka (https://www.instagram.com/khadka__ajay/)
Animations and Thumbnail by: Rabi Kandel (https://www.instagram.com/proto_flex/)

More Videos to look for:
AP1HD: https://www.youtube.com/watch?v=eNOcEC8bkkY
YoHo Tv: https://www.youtube.com/watch?v=XtgGexsFjUM

Report from the task force:
https://www.moha.gov.np/post/ma-tarab-ya-ja-apara-thha-na-yana-ta-ranae-sa-fa-ra-sa-ka-ra-yathalka-pa-rata-va

Timestamp:
Intro 0:00
Why people take Meter Byaj 1:59
How the system fails the victims 3:14
The Trap 4:40
Maitighar protests 6:17
What then? 8:20

Sources:
https://cijnepal.org.np/nepals-new-loan-sharks/
https://recordnepal.substack.com/p/off-the-record-067-meter-byaj-is
https://www.himalpost.com/meter-byaj-ghodaghodi/
https://malpotkhabar.com/2018/02/28/3261/
https://kendrabindu.com/life-style/8194-1612474631.html
https://paschimnepal.com/2022/08/44033/
https://baahrakhari.com/detail/361775
https://nepalesevoice.com/nepal/victims-of-exorbitant-interest-rates-protest-against-loan-sharks-in-baluwatar/
https://ekantipur.com/news/2022/08/12/166030463078662322.html
https://arthasarokar.com/2017/07/meter-byaj.html
https://www.nayapage.com/archives/201571
https://www.nepalghatana.com/news/74118/
https://english.kathmandupati.com/nepal/2743/
https://nepalvani.com/2022/08/30/24506/
https://123hindinews.com/how-the-state-is-failing-the-poor-as-they-fall-prey-to-loan-sharks-more-news/"
When Prachanda almost became a DICTATOR,1670650,2023-01-10,30618,1142,"In 2009, Prachanda became one of the most powerful PM in recent Nepal History. This was a very confusing equation because the Nepal Army had been fighting with maoist for years and suddenly they found themselves working together. 
Prachanda fired the Army Chief, Rookmangud Katwal which the President rejected. Was Prachanda trying to become a dictator or was he just clearing way to implement his idea of new Nepal? And what led to the fallout between two of the most powerful man in Nepal?
Let's connect :

If you are on Facebook: [https://www.facebook.com/dipesh.tripathi.35.]

If you are on Twitter: [https://twitter.com/NepaliComment]

If you are on Instagram: [https://www.instagram.com/dipesh.trip/]

Edited by: Ajay Khadka (https://www.instagram.com/khadka__ajay/)
Research by: Rijan Maharjan (https://www.facebook.com/rijan.maharjan.0528)
Animations by: Rabi Kandel (https://www.instagram.com/proto_flex/)
Thumbnail by: Biphson Nepali (https://www.instagram.com/biphson_nepali/)
TimeStamp:
00:00 Introduction
01:52 Rise of Prachanda
05:02 Rise of Rookmangud Katwal
07:35 Rookmangud vs Prachanda
09:29 The Conflict Escalates 
10:44 16 days war
15:45 Conclusion

Sources:

https://annapurnapost.com/news/two-mistakes-made-by-prachanda-198371
https://www.reuters.com/article/uk-nepal-maoists-army/ex-maoist-fighters-join-army-in-nepal-but-challenges-remain-idUKBRE97P0H120130826
https://nepalconflictreport.ohchr.org/files/docs/2009-12-10_press-release_icj_eng.pdf
https://reliefweb.int/report/nepal/nepal-president-defies-maoists-over-sacked-army-head
https://www.khabardabali.com/news/52547
https://peacemaker.un.org/sites/peacemaker.un.org/files/NP_061122_Comprehensive%20Peace%20Agreement%20between%20the%20Government%20and%20the%20CPN%20%28Maoist%29.pdf
https://www.amazon.com/Rookmangud-Katawal-autobiography-Nepali/dp/9937874076
https://archive.nepalitimes.com/article/nation/rookmangud-katawal-memoir,1567
https://www.reuters.com/article/idINIndia-41647120090810
https://www.csmonitor.com/World/Asia-South-Central/2009/0504/p06s07-wosc.html

Video Sources:
Prachanda admits misdoing in Cantonment:
https://www.youtube.com/watch?v=l7BzJA8ilMM&t=181s
Tough Talk with Dil Bhusan Pathak
https://www.youtube.com/watch?v=3FypMGqkxcg&t=537s
Rookmangun Katwal on his Childhood and Life:
https://www.youtube.com/watch?v=56QLgWlxLaE&t=269s
On Air with Sanjay Silwal Gupta
https://www.youtube.com/watch?v=lHgpI2jySGE&t=201s
Kul Bahadur Khadka:
https://www.youtube.com/watch?v=SdkxqoemQv4&t=409s
Tough talk Ram Baran Yadav:
https://www.youtube.com/watch?v=tnAN_Y_GTZI&t=1025s
Speech from Rukmangud, KulBahadur and Chattraman
https://www.youtube.com/watch?v=wGl1hjUmWBQ"
What happened to Orange Balls? #shorts #orangeball #sukkacandies,307592,2023-01-02,16390,212,https://youtube.com/shorts/HbRObg0Cpqo
Dr CK RAUT: Anti-National or a Misunderstood Hero??,420021,2022-12-29,18011,1481,"This is the story of a man who achieved almost everything academically, had a high paying job as Scientist in USA and yet left all and returned back to Nepal. This is the story of a man who has been labelled anti-national. A man who was jailed more than two dozen times. And now, that man is the leader of a national party, a MP, potentialy a future minister. But do we really know this man? This is the story of Dr. CK Raut.

Let's connect :

If you are on Facebook: [https://www.facebook.com/dipesh.tripathi.35.]

If you are on Twitter: [https://twitter.com/NepaliComment]

If you are on Instagram: [https://www.instagram.com/dipesh.trip/]

Edited by: Ajay Khadka (https://www.instagram.com/khadka__ajay/)
Research by: Rijan Maharjan (https://www.facebook.com/rijan.maharjan.0528)
Animations and Thumbnail by: Rabi Kandel (https://www.instagram.com/proto_flex/)

Sources:

CK Raut Story:
http://ckraut.com/
https://english.onlinekhabar.com/ck-raut-arrested-fortnight-making-secessionist-remarks.html
https://kathmandupost.com/miscellaneous/2014/10/08/treason-case-filed-against-ck-raut
https://kathmandupost.com/miscellaneous/2014/10/01/ck-raut-ends-hunger-strike
https://kathmandupost.com/national/2017/12/07/ck-raut-arrested-from-janakpur
https://english.onlinekhabar.com/ck-raut-madheshi-politics-parliament.html
https://xnepali.net/dr-ck-raut-used-his-own-4-yesars-old-daughter-as-a-shield-in-his-protest-against-the-government/
https://english.onlinekhabar.com/ck-raut-search-space-madhes.html
https://archive.nepalitimes.com/article/from-nepali-press/ck-raut-madhes-movement,1677


CK Raut Books:
https://ckraut.wordpress.com/downloads/

AIM and Manifesto:
madhesh.com
http://madhesh.com/aim/manifesto/

Amnesty and Human Rights Appeal:
https://www.amnesty.org/en/documents/asa31/008/2014/en/
http://www.humanrights.asia/news/ahrc-news/AHRC-STM-190-2016/
http://www.humanrights.asia/news/ahrc-news/AHRC-STM-056-2016-2/
https://www.hindustantimes.com/world/nepal-activist-seeking-right-to-secession-in-constitution-arrested/story-SwVaRuqughdYf1ggEmAehM.html

Hrithik Roshan:
https://archive.nepalitimes.com/news.php?id=7941
https://archive.nepalitimes.com/news.php?id=7989

Ram Manohar Yadav:
https://kathmandupost.com/investigations/2019/02/01/a-madhesi-died-in-police-custody-no-one-knows-what-really-happened
https://www.facebook.com/profile.php?id=100004871208588

11 Point Agreement:
https://english.onlinekhabar.com/ck-raut-signs-agreement-with-govt-to-end-secessionist-movement.html
https://english.khabarhub.com/2019/08/6709/
https://myrepublica.nagariknetwork.com/news/11-pt-deal-between-govt-and-ck-raut/

Current:
https://english.onlinekhabar.com/2-years-after-peace-deal-ck-raut-summoned-by-court-on-crime-against-state.html
https://thehimalayantimes.com/nepal/janmat-partys-victory-reflects-peoples-desire-for-change
https://www.nepallivetoday.com/2022/01/05/what-is-ck-raut-up-to/

Timestamp:

00:00 Introduction
02:48 Early Life of CK Raut
04:01 CK Raut's Identity Crisis
05:32 CK Raut's Movement
07:37 CK Raut vs Government
10:53 CK Raut's Growth
11:20 Story of Ram Manohar Yadav
12:30 11-point agreement
13:32 The Rise
14:06 Outro"
Did Hrithik Roshan hate Nepal??? Controversy #shorts #hrithikroshan #nepal,360481,2022-12-23,22178,357,Hrithik Roshan hated Nepal??? Controversy #shorts #hrithikroshan #nepal
Exposing the Private School Cartels of Nepal,373317,2022-12-16,17315,780,"Mentorlab Nepal: https://mentorlabnepal.com/

Only 20 percent of schools in Nepal are privately owned but they almost control the whole Nepali Education system. A study was conducted in 2015 which showed that characteristics of private schools looked similar to cartels. Some of the schools charge unto 10 times the permitted fees from students. But how does it affect us? Should we care? This is the dark reality of  private school cartel in Nepal.

Let's connect :
If you are on Facebook: [https://www.facebook.com/dipesh.tripathi.35.]
If you are on Twitter: [https://twitter.com/NepaliComment]
If you are on Instagram: [https://www.instagram.com/dipesh.trip/]
Research by: Bishwa Rai (https://www.instagram.com/bishwa546/)
Edited by: Ajay Khadka (https://www.instagram.com/khadka__ajay/)
Animations and Thumbnail by: Rabi Kandel (https://www.instagram.com/proto_flex/)

Sources:
https://media.thuprai.com/book/pdfs/The_World_of_Private_School_Cartels_3.pdf
https://www.google.com/amp/myrepublica.nagariknetwork.com/amp/eight-candidates-are-private-school-owners/
https://kathmandupost.com/national/2020/01/26/teachers-demand-that-private-schools-be-converted-into-trusts
https://www.recordnepal.com/centralised-and-failing
https://world-education-blog.org/2020/02/04/the-consequences-and-causes-of-private-school-growth-a-look-at-nepal/
https://english.onlinekhabar.com/reforming-nepals-education-koirala-says-private-schools-will-continue-but-cant-take-100-profit.html
https://www.researchgate.net/publication/271443001_Debate_on_Public_and_Private_Schools_in_Nepal
https://english.onlinekhabar.com/annisu-r-take-action-private-schools-refuse-abide-fee-fixation-criteria.html

Timestamp:
0:00 Introduction 
3:40 Beginning of private schools in Nepal
5:38 Sponser segment 
6:38 What is the problem with private schools?"
"Death Threats, 100K Special Q&A, and My Biggest Secret - Revealed!",99677,2022-12-08,6120,295,"Thank you so much everyone. We received hundreds of question about us. Of course, we cannot respond to everyone, but tried to respond to as many different question as possible.

Let's connect :

If you are on Facebook: [https://www.facebook.com/dipesh.tripathi.35.]

If you are on Twitter: [https://twitter.com/NepaliComment]

If you are on Instagram: [https://www.instagram.com/dipesh.trip/]

Rijan Maharjan (https://www.facebook.com/rijan.maharjan.0528)
Ajay Khadka (https://www.instagram.com/khadka__ajay/)
Rabi Kandel (https://www.instagram.com/proto_flex/)
Bishwa Rai (https://www.instagram.com/bishwa546/)

84pages of disappointment: https://youtu.be/iOTc4z0dD7Y

Timestamp:
0:00 Inside the Video
0:22 Introduction
0:39 Education Qualification. What are you doing right now?
0:57 What was your SLC score?
1:06 Who are you inspired from?
1:40 Story of Channel, name and logo?
2:04 Do you have a team? Team members and roles? 
2:56 How much do you earn? Sponsors? Financially stable?
3:55 How long does it take to make one TNC video? 
4:31 Which video was your turning point?
5:01 Show us your book collection or library?
6:06 How do you comeup with ideas?
6:40 What’s your thought on upcoming YouTubers in this niche? 
6:55 Research Process and fact checking
8:33 Copyright, threats, blackmail, risks
9:48 Do you have a girlfriend?
10:17 What is the most fraustrating part of the work?
11:05 What is your secret to Success?
11:58 What is your best advice for small creator’s like me?
13:31 Where did you learn to edit? 
14:25 What happened to 84 pages of dissapointment?
15:19 What happened to SAGOON?
16:06 Do you use teleprompter while make videos?
17:00 Will you also join politics in future like other have done?
17:29 Which team are you supporting this worldcup?
17:41 Do you watch Marvel movies? If yes, which is your favourite?
18:01 Is being youtuber a good career in Nepal?
18:42 What is your biggest fear that would happen in Nepal?
19:16 Thoughts on Sukumbasi situation
19:41 The End"
Darkest Day in Nepali Sports History #shorts #nepal #nepalifootball #football,491202,2022-12-01,25266,123,Darkest Day in Nepali Sports History #shorts
How Corruption KILLED Nepali Football,398105,2022-11-26,15289,471,"In 1995, an ex- player stepped up to take the leadership role of the national football body of Nepal, ANFA. He would go on to lead the organization for next 2 decades, making great progress, making a big name for himself in FIFA and AFC as well. He was time and again blamed for corruption and mismanagement, but kept moving ahead. Later FIFA banned him but was not found guilty in Nepal as CIAA said they could find no evidence against him. Were CIAA  really unable  to find evidence or was it due to political pressure? Regardless, Nepali football has suffered. This is HOW CORRUPTION KILLED NEPALI FOOTBALL.

Let's connect :

If you are on Facebook: [https://www.facebook.com/dipesh.tripathi.35.]

If you are on Twitter: [https://twitter.com/NepaliComment]

If you are on Instagram: [https://www.instagram.com/dipesh.trip/]


Research by: Rijan Maharjan (https://www.facebook.com/rijan.maharjan.0528)

Edited by: Ajay Khadka (https://www.instagram.com/khadka__ajay/)

Animations and Thumbnail by: Rabi Kandel (https://www.instagram.com/proto_flex/)


Further Reading about the scandal: 
https://www.recordnepal.com/corruption-in-world-football-and-the-fall-of-ganesh-thapa
https://cijnepal.org.np/ciaa-lens-ganesh-thapa-looks-winner/

Other Sources:
https://www.facebook.com/ganeshthapa11

Book: The Qatari plot to buy world cup: 
https://www.amazon.com/Ugly-Game-Corruption-Qatari-World/dp/1501132962

Ganesh Thapa v/s Geeta Rana:
https://archive.nepalitimes.com/news.php?id=9038#.Y3DoaHZBzDc
http://archive.nepalitimes.com/news.php?id=8847

On Gaurav Thapa:
https://thehimalayantimes.com/sports/gaurav-ae-new-star-in-nepali-soccer

FIFA v/s Ganesh Thapa:
https://www.dailymail.co.uk/sport/football/article-2972021/All-Nepal-Football-Association-urged-senior-chiefs-launch-investigation-president-Ganesh-Thapa.html
https://www.theguardian.com/football/2011/may/29/fifa-crisis-mohamed-bin-hammam
https://www.theguardian.com/football/2015/jun/02/sepp-blatter-fifa-president-resigns
https://www.ft.lk/Sports/manilal-fernando-loses-appeal-against-fifa-life-ban/23-401969
https://thehimalayantimes.com/sports/fifa-bans-anfa-president-ganesh-thapa-for-10-years
https://www.dw.com/en/fifa-bans-nepal-laos-football-chiefs-for-corruption/a-18853008
https://talksport.com/football/344395/fifa-scandal-latest-president-nepalese-fa-banned-ten-years-bribery-151116174433/

Investigation in Nepal:
https://kathmandupost.com/miscellaneous/2014/10/13/suspend-anfa-prez-thapa-pac-directs-govt
https://kathmandupost.com/sports/2015/02/19/underfire-anfa-chief-gets-ciaa-reprieve
https://www.hamrokhelkud.com/football/11019.html
https://www.hamrokhelkud.com/football/70090.html
https://myrepublica.nagariknetwork.com/news/ciaa-reluctant-to-reopen-ganesh-thapa-file/

Present Days:
https://the-anfa.com/news-detail/1564#:~:text=In%202015%2C%20the%20adjudicatory%20chamber,involving%20in%20bribery%20and%20corruption.
https://www.hamrokhelkud.com/en/ganesh-thapa-sets-up-his-own-pyre-with-his-letter-to-anfa/
https://kathmandupost.com/football/2022/05/12/ganesh-thapa-dares-anfa-brass-to-prove-charges-against-him"
The Success Story of Sancho #shorts #sancho #herbalmedicine,157616,2022-11-17,12543,78,The Success Story of Sancho #shorts #sancho
Politicians who have never lost an election in Nepal #shorts,288369,2022-11-12,14504,121,#shorts The list of politicians who have never lost election in nepal
Winning an Election in Nepal - How Much Does It Cost?,152508,2022-11-09,7182,278,"Election Commission of Nepal has set the maximum expenditure of 30 Lakh for candidates in Federal level. But we openly know that the actual cost are much higher than this, but how much does it actually cost and is it possible for a person to win without overspending. 

Let's connect :

If you are on Facebook: [https://www.facebook.com/dipesh.tripathi.35.]

If you are on Twitter: [https://twitter.com/NepaliComment]

If you are on Instagram: [https://www.instagram.com/dipesh.trip/]

Research by: Bishwa Rai(https://www.instagram.com/bishwa546/)

Edited by: Ajay Khadka (https://www.instagram.com/khadka__ajay/)

Animations and Thumbnail by: Rabi Kandel (https://www.instagram.com/proto_flex/)

Sources:

Reports:
Election Observation Commission Nepal:https://eocnepal.org.np/uploads/releases/download-pdf-1579603077.pdf
Samuhik Abhiyan: https://www.ifes.org/publications/new-report-campaign-finance-monitoring-nepal

https://www.nepallivetoday.com/2022/10/02/election-commission-fixes-ceiling-for-election-spending/
https://b360nepal.com/cost-of-elections-and-who-pays-for-it/
https://kathmandupost.com/national/2021/10/02/elections-are-costly-and-fuel-corruption-but-there-has-been-no-check
https://www.theguardian.com/world/2021/sep/30/nicolas-sarkozy-guilty-illegally-financing-2012-election-campaign
https://english.onlinekhabar.com/money-fuels-elections-in-nepal.html
https://myrepublica.nagariknetwork.com/news/usd-11-000-spent-on-online-political-advertisements/?categoryId=37

https://english.onlinekhabar.com/know-how-much-a-minister-an-mp-and-other-high-officials-earn-in-nepal.html
https://election.gov.np/en/page/political-partys-income-and-ecpenditure
https://myrepublica.nagariknetwork.com/news/usd-11-000-spent-on-online-political-advertisements/?categoryId=81"
Why Nepali Film will never win an Oscar? #Shorts #TheNepaliComment,834884,2022-11-06,39778,187,"#shorts 
Why a Nepali movie will never win an Oscar"
Nepali Election: Why Good Candidates always LOSE,121664,2022-11-03,6383,312,"We vote every 5 years to decide who will lead the country. We have extensive debates on who should win and who should not but what we don't focus is on the rules of the game. The current election system that we have is working okay but it could be better, in fact, much better, a system that is better representative of all community, a system that is efficient and effective. These are the flaws of Nepali Election and its potential solutions.

Let's connect :

If you are on Facebook: [https://www.facebook.com/dipesh.tripathi.35.]

If you are on Twitter: [https://twitter.com/NepaliComment]

If you are on Instagram: [https://www.instagram.com/dipesh.trip/]

Edited by: Ajay Khadka (https://www.instagram.com/khadka__ajay/)

Animations and Thumbnail by: Rabi Kandel (https://www.instagram.com/proto_flex/)

Sources:
https://blogs.lse.ac.uk/southasia/2018/02/06/revisiting-nepals-year-of-elections-less-success-than-meets-the-eye/
https://kathmandupost.com/national/2022/08/24/high-invalid-votes-and-low-turnout-prompts-poll-commission-to-run-voter-education
https://www.nepallivetoday.com/2022/05/30/the-causes-of-invalid-votes-in-nepal/
https://kathmandupost.com/national/2022/08/17/eighty-four-parties-apply-to-contest-november-elections
https://www.recordnepal.com/election-results-show-that-number-of-voters-not-population-should-be-the-basis-of-constituency-delineation
https://myrepublica.nagariknetwork.com/news/ec-publishes-election-constituency-map-with-district-wise-constituency-map/
https://www.aljazeera.com/news/2017/12/7/nepal-elections-explained
https://kathmandupost.com/politics/2022/09/21/political-parties-continue-to-abuse-proportional-representation-system
https://kathmandupost.com/national/2022/08/10/provincial-poll-declaration-should-be-provinces-prerogative-observers-say
https://www.usatoday.com/story/opinion/2019/09/10/winner-take-all-electoral-college-votes-unfair-unconstitutional-column/2264012001/"
The DARK REALITY of Illegal Journey to USA and Europe from Nepal,632296,2022-10-28,20568,530,"Every year thousands of Nepali embark on an illegal journey to Europe and USA in search of better opportunities. They pay millions to the agents, go through extremely difficult routes, and take massive risks but a lot of them never make it to the final destination. Some are deported back immediately, some fall sick and some never return. This is the Dark Reality of Illegal Immigration to Europe and USA.

Let's connect :

If you are on Facebook: [https://www.facebook.com/dipesh.tripathi.35.]

If you are on Twitter: [https://twitter.com/NepaliComment]

If you are on Instagram: [https://www.instagram.com/dipesh.trip/]


Research by: Bishwa Rai (https://www.instagram.com/bishwa546/)

Edited by: Ajay Khadka (https://www.instagram.com/khadka__ajay/)

Animations and Thumbnail by: Rabi Kandel (https://www.instagram.com/proto_flex/)

Sources:
https://kathmandupost.com/national/2019/06/29/a-nepali-mans-odyssey-from-dang-to-san-diego

https://www.nepjol.info › viewPDFEmigration of Nepalese People and Its Impact

https://archive.nepalitimes.com/article/nation/nepalis-enter-us-through-central-america,3083

https://www.nepalitimes.com/from-the-nepali-press/us-bound-nepalis-trafficked-to-malawi/

https://www.nepalitimes.com/opinion/europe-now-favoured-destination-for-nepalis/

[https://english.onlinekhabar.com/harrowing-story-of-a-nepalis-illegal-journey-to-europe.html]

https://www.recordnepal.com/chasing-the-european-dream

https://journals.sagepub.com/doi/full/10.1177/0263775820954877

https://www.unodc.org/documents/southasia/Multicountry_study_TIP_SOM_NEPAL_2019.pdf&ved=2ahUKEwiyn8PZkM36AhXYGLcAHShqADMQFnoECAwQBg&usg=AOvVaw1rzMZ43_OdexRll4Bbkega

https://dpsu.gov.ua/en/news/paris-will-wait-illegal-immigrants-from-india-and-nepal-who-were-heading-for-france-were-detained-near-the-border-with-poland/
https://www.ceslam.org/news/for_documented_nepali_migrants_in_turkey_no_jobs_no_food_and_no_health_insurance&ved=2ahUKEwirgKHX9cf6AhWWR2wGHQT8AKsQFnoECEEQAQ&usg=AOvVaw3zmNt0_seNhBwo5L35UvX-

https://www.researchgate.net/publication/271005687_Caught_between_internationalisation_and_immigration_The_case_of_Nepalese_students_in_Denmark

https://www.google.com/amp/s/caravanmagazine.in/amp/reportage/one-nepalese-migrants-long-journey-across-the-world

[https://kathmandupost.com/national/2021/04/10/nepali-migrant-workers-find-themselves-entangled-in-poland-s-red-tape]

https://cijnepal.org.np/the-nepalis-braving-death-route-to-reach-europe/"
Risking millions of Dollars of Nepali? The Truth of Sagoon,237807,2022-10-17,8337,463,"In 2015, A huge event was organized in Kathmandu to launch Sagoon 2.0. Sagoon, a social gifting platform, said it was a revolutionary concept and made by Nepali people. Finally the day had come where Nepali were going to make big impact on IT field. Thousands of Nepali invested millions of dollar to support this made by Nepali platform. 7 years later, Sagoon has become irrevelant in online media, It barely makes any announcement these days and those investor who were promised that they will get millions in return are now stuck. This is the story of Sagoon.
Let's connect :

If you are on Facebook: [https://www.facebook.com/dipesh.tripathi.35.]

If you are on Twitter: [https://twitter.com/NepaliComment]

If you are on Instagram: [https://www.instagram.com/dipesh.trip/]


Research by: Bishwa Rai (https://www.instagram.com/bishwa546/)

Edited by: Ajay Khadka (https://www.instagram.com/khadka__ajay/)

Animations and Thumbnail by: Rabi Kandel (https://www.instagram.com/proto_flex/)

Sources:
https://www.nayapatrikadaily.com/news-details/51317/2020-09-17
https://cijnepal.org.np/sagoon-puts-crores-of-investment-by-nepalis-at-risk/
https://cijnepal.org.np/sagoon-2/
https://techsathi.com/securities-board-of-nepal-issuing-conflicting-notices-regarding-sagoon
https://www.annapurnapost.com/news/nepaalbaatt-praapt-munaaphaa-nepaalkai-aarthik-smrddhikaa-laagi-pryog-grchaun-sgun-165595
https://www.annapurnapost.com/news/81968-81968
https://www.annapurnapost.com/news/51303-51303
https://myrepublica.nagariknetwork.com/news/sagoon-strikes-m-deal-with-ht-overseas/

Sagoon YouTube Channel: https://www.youtube.com/channel/UCh0SCYG3CGGt228K4ui3jNQ"
Nepal's Biggest Businessman to Fraud? The Dark Truth of Civil Group,862749,2022-10-02,17788,584,"This is the story of a businessman who achieved everything in just 25 years, had 21 companies under him, an ex- Member of Parliament, and a source of inspiration for many. He is now facing charges for a fraud of almost 800 crore from 2000+ people who deposited their life savings in his cooperative. The Police has labelled the fraud as an Organized crime. This is the Dark story of Civil Group. 
Let's connect :

If you are on Facebook: [https://www.facebook.com/dipesh.tripathi.35.]

If you are on Twitter: [https://twitter.com/NepaliComment]

If you are on Instagram: [https://www.instagram.com/dipesh.trip/]


Research by: Rijan Maharjan (https://www.facebook.com/rijan.maharjan.0528)

Edited by: Ajay Khadka (https://www.instagram.com/khadka__ajay/)

Animations and Thumbnail by: Rabi Kandel (https://www.instagram.com/proto_flex/)

Sources:
https://english.nepalpress.com/2021/10/07/ichchha-raj-tamang-defrauded-hundreds-of-people-to-embezzle-millions-of-rupees/
https://myrepublica.nagariknetwork.com/news/ichchha-raj-tamang-s-wife-jailed/
https://himalsanchar.com/ichha-raj-tamangs-statement-it-is-not-my-responsibility-to-return-7-billion-rupees-to-the-savers/
https://www.peoplesreview.com.np/2021/12/29/developer-housing-iccha-raj-tamang-and-me/
https://english.khabarhub.com/2021/04/224232/
https://www.spotlightnepal.com/2021/10/05/ichharaj-tamang-and-11-other-arrested-banking-fraud-charges/
https://english.khabarhub.com/2021/29/229464/
https://thehimalayantimes.com/kathmandu/civil-bank-chair-faces-money-laundering-investigation
https://kathmandupost.com/national/2022/06/22/judicial-council-meet-called-after-audio-recording-of-judge-dealing-money-leaked
https://ekantipur.com/news/2021/10/04/163336845251029452.html

Facebook Group of Civil Savings & Credit Co-operative Ltd.(Pidit Samuha): https://www.facebook.com/groups/477724543184401
Official Document from Dilli P Bhattarai: https://docs.google.com/document/d/1_YX9EQvvhkAXYOjiOPVx24K3airAoKSo/edit?usp=sharing&ouid=112740267904400294208&rtpof=true&sd=true

Youtube and News Links:
Yoho TV: https://www.youtube.com/watch?v=QOTEWnLISHc&t=547s
Janata TV: https://www.youtube.com/watch?v=8eNou7fVx34&t=1933s
News24 Exclusive Leaked Audio: https://www.youtube.com/watch?v=GWr6-qZ7SB0&t=860s
Sagarmatha TV: https://www.youtube.com/watch?v=rCrWdfMOKok
News24: https://www.youtube.com/watch?v=1QfKl36KQfs&t=865s
Notebazaar: https://www.youtube.com/watch?v=UQT11h_5Zhg&t=1974s
Galaxy 4K: https://www.youtube.com/watch?v=FU1THwNmq04"
How Bhutan turned its Nepali Citizens into REFUGEES | The Camps | Part 2,300719,2022-09-26,9610,1497,"Bhutan 🇧🇹 presents itself as peace loving, progressive and happy country and yet it does not acknowledge its dark history. Some three decades ago, BhutanBhutan 🇧🇹 presents itself as peace loving, progressive and happy country and yet it does not acknowledge its dark history. Some three decades ago, Bhutan
Created one of the biggest Refugees Crisis in the World when it exiled almost 1/6th of its population as illegal immigrant. Almost all of them were “The Lhotshampas”, the Southern Bhutanese, who were from Nepali Ethnicity. They had been living there for generations with peace and then they were all exiled almost overnight. 

In this second part, we will look at what exactly happened inside camps, why negotiations between Nepal and Bhutan never prorgressed and what lead to the resettlement in third country. 

Let's connect :

If you are on Facebook: [https://www.facebook.com/dipesh.tripathi.35.]

If you are on Twitter: [https://twitter.com/NepaliComment]

If you are on Instagram: [https://www.instagram.com/dipesh.trip/]


Research by: Bishwa Rai (https://www.instagram.com/bishwa546/)

Edited by: Ajay Khadka (https://www.instagram.com/khadka__ajay/)

Animations and Thumbnail by: Rabi Kandel (https://www.instagram.com/proto_flex/)

Sources:

Articles and Books

1.Unbecoming Citizens (https://global.oup.com/academic/product/unbecoming-citizens-9780195670608?lang=en&cc=bw)
2. The Lhotsampa People of Bhutan by Venkat Pulla (https://www.amazon.com/Lhotsampa-People-Bhutan-Resilience-Survival/dp/1137557214)
3. Bhutan’s Dark Secret: (https://thediplomat.com/2016/09/bhutans-dark-secret-the-lhotshampa-expulsion/)
4. http://bhutaneserefugees.com/
5. https://reliefweb.int/report/nepal/prolonging-crisis-bhutanese-refugees
6. Human Rights Watch (https://www.hrw.org/reports/2007/bhutan0507/3.htm)
          (https://www.hrw.org/legacy/backgrounder/wrd/refugees/3.htm)
7.https://myrepublica.nagariknetwork.com/news/how-bhutan-is-fooling-the-world-about-refugee-crisis/
8.https://www.nrc.no/globalassets/pdf/reports/bhutan---land-of-happiness-for-the-selected.pdf
9.https://www.satp.org/satporgtp/countries/bhutan/document/actandordinances/nationality_law_of_bhutan.htm
10.https://thewire.in/external-affairs/india-nepal-refugee-rohingya-bhutan-crisis
11.https://reliefweb.int/report/nepal/bhutanese-refugee-operation-situation-present
12.https://himalaya.socanth.cam.ac.uk/collections/journals/pdsa/pdf/pdsa_01_01_05.pdf


Documentaries:
1. Matoko Katha: Herne Katha (https://www.youtube.com/watch?v=CZGXRhHfXkg&t=602s)
2. Bhutan's prime minister: Al Jazeera English (https://www.youtube.com/watch?v=0GYVE7CnXcs)
3. Bhutan’s forgotten People : Al Jazeera English (https://www.youtube.com/watch?v=lQHiSHhiJU0)
4. Bhutan’s attempt to clear itself of Nepalese: JourneyMan Pictures(https://www.youtube.com/watch?v=6tSrz7gb9kU&t=950s)"
How Bhutan created one of World’s Biggest Refugee Crisis | The EXILE | Part-1,374367,2022-09-15,12724,2697,"Bhutan 🇧🇹 presents itself as peace loving, progressive and happy country and yet it does not acknowledge its dark history. Some three decades ago, Bhutan
Created one of the biggest Refugees Crisis in the World when it exiled almost 1/6th of its population as illegal immigrant. Almost all of them were “The Lhotshampas”, the Southern Bhutanese, who were from Nepali Ethnicity. They had been living there for generations with peace and then they were all exiled almost overnight. 

In this first part of Bhutan’s Darkest Secret: we look at what lead to such dramatic measures from the Bhutanese Monarch for which we would have to start from the beginning, from the foundation of Bhutan, the impact of Buddhism plays in the country, how the current Monarch, Wangchuk Dynasty came to power and along with the gradual migration of Nepali Ethnic people for centuries and ultimately, how it culminated into such a massive Ethnic cleansing. 

Let's connect :

If you are on Facebook: [https://www.facebook.com/dipesh.tripathi.35.]

If you are on Twitter: [https://twitter.com/NepaliComment]

If you are on Instagram: [https://www.instagram.com/dipesh.trip/]


Research by: Bishwa Rai (https://www.instagram.com/bishwa546/)

Edited by: Ajay Khadka (https://www.instagram.com/khadka__ajay/)

Animations and Thumbnail by: Rabi Kandel (https://www.instagram.com/proto_flex/)

Sources:

Articles and Books

1.Wangchuck Dynasty: 100 Years of Enlightened Monarchy in Bhutan
(https://www.amazon.com.au/Wangchuck-Dynasty-Enlightened-Monarchy-Monograph-ebook/dp/B07TWD5PBZ)
2. The Raven Crown by Micheal Aris (https://www.goodreads.com/en/book/show/388825.The_Raven_Crown)
3. Bhutan’s Dark Secret: (https://thediplomat.com/2016/09/bhutans-dark-secret-the-lhotshampa-expulsion/)
4. http://bhutaneserefugees.com/
5. https://reliefweb.int/report/nepal/prolonging-crisis-bhutanese-refugees
6. Human Rights Watch (https://www.hrw.org/reports/2007/bhutan0507/3.htm)
          (https://www.hrw.org/legacy/backgrounder/wrd/refugees/3.htm)
7.https://myrepublica.nagariknetwork.com/news/how-bhutan-is-fooling-the-world-about-refugee-crisis/
8.https://www.nrc.no/globalassets/pdf/reports/bhutan---land-of-happiness-for-the-selected.pdf
9.https://www.satp.org/satporgtp/countries/bhutan/document/actandordinances/nationality_law_of_bhutan.htm
10.https://thewire.in/external-affairs/india-nepal-refugee-rohingya-bhutan-crisis


Documentaries:
1. The Magnificent History Of Bhutan's Royal Family: Real Royalty (https://www.youtube.com/watch?v=svf95f4kjDQ&t=1122s)
2. Bhutan's prime minister: Al Jazeera English (https://www.youtube.com/watch?v=0GYVE7CnXcs)
3. Bhutan’s forgotten People : Al Jazeera English (https://www.youtube.com/watch?v=lQHiSHhiJU0)
4. Bhutan’s attempt to clear itself of Nepalese: JourneyMan Pictures(https://www.youtube.com/watch?v=6tSrz7gb9kU&t=950s)"
How Politics destroyed Nepal Airlines,321411,2022-09-02,11715,566,"Nepal Airlines used to be the most glorious and reputed public institution in Nepal. It even had flights to 20+ destinations including major European Cities. Then, politics happened.  It now has limited destination, there's power struggle between top executives, massive financial mismanagement and is on the verge of bankruptcy.

0:00 Intro 
2:14 History of Royal Nepal Airlines(1958 -1990 A.D)
3:33 Changes after Multiparty Democracy
4:44 Scandal: Dhamija and Girija Prashad Koirala
5:26 Scandal: Chase Air
6:03 Dual Executive Power Issue
7:27 Wide Body and Problems
8:05 Ground Handling
8:50 What then?

Let's connect :

If you are on Facebook: [https://www.facebook.com/dipesh.tripathi.35.]

If you are on Twitter: [https://twitter.com/NepaliComment]

If you are on Instagram: [https://www.instagram.com/dipesh.trip/]


Research by: Bishwa Rai (https://www.instagram.com/bishwa546/)

Edited by: Ajay Khadka (https://www.instagram.com/khadka__ajay/)

Animations and Thumbnail by: Rabi Kandel (https://www.instagram.com/proto_flex/)

Source:
https://www.researchgate.net/publication/313314843_Case_Study_Nepal_Airlines_Corporation_NAC

https://english.onlinekhabar.com/wide-body-irregularities-panel-recommends-two-secretaries-nac-md-suspended.html

[https://kathmandupost.com/valley/2019/01/03/wide-body-jet-deal-cost-carrier-rs-435b-in-losses-kc-report]

[https://kathmandupost.com/national/2021/12/26/minister-ale-s-all-play-and-no-work]

https://www.ch-aviation.com/portal/news/105694-kathmandu-denies-plans-to-privatise-nepal-airlines

https://www.aviationnepal.com/nepal-airlines-and-its-core-details-to-transfer-in-company-model/

https://www.nepalisansar.com/business/nepal-airlines-corporation-scam-lands-country-in-npr-4-35-billion-soup/

[https://simpleflying.com/europe-nepal-airways-ban/](https://simpleflying.com/europe-nepal-airways-ban/)

[https://kathmandupost.com/money/2022/08/03/un-watchdog-asks-nepal-to-split-civil-aviation-authority]

[https://thediplomat.com/2022/08/will-reform-of-nepals-civil-aviation-authority-ever-take-off/]

[https://www.nepalitimes.com/banner/nepal-airlines-has-new-planes-but-no-new-plans/]

This video features materials protected by the Fair Use guidelines of Section 107 of the Copyright Act for the use of criticism, comment, reporting and teaching. All the footage belong to their respective owners."
How Police (FAKE?) ENCOUNTERED CHARI Don,1021502,2022-08-26,28301,839,"On Shrawn 21, 2071, Dinesh Adhikari aka Chari was killed in a cross fire with police. The Police claimed it was not a preplanned encounter but there were a lot of doubtful evidence which said otherwise. It became a national debate. And out of blue, Chari’s unknown girlfriend at the time came to media and names two person behind the murder. So, who is right and what exactly happened?

Let's connect :

If you are on Facebook: [https://www.facebook.com/dipesh.tripathi.35.]

If you are on Twitter: [https://twitter.com/NepaliComment]

If you are on Instagram: [https://www.instagram.com/dipesh.trip/]



Edited by: Ajay Khadka (https://www.instagram.com/khadka__ajay/)

Animations and Thumbnail by: Rabi Kandel (https://www.instagram.com/proto_flex/)

Timestamp:
0:00 CHARI Encountered
01:04 Controversy around the death
02:10 Chari's Girlfriend
03:06 Intro Montage
03:28 Chari's Rise into Crime and Power
05:04 Fight with Radhe
05:40 Khusbu Oli
07:02 Khusbu's Claim
07:50 Fall from Grace
09:50 What's the point, then?

Sources:

https://www.wiki-global.org/dinesh-adhikari-chari/ 

https://thenepalkhabhar.blogspot.com/2016/03/khusbu-oli-and-her-exdinesh-adhikari.html 

https://nepal24hours.com/charis-brother-moves-sc-police/ 

https://kathmandupost.com/miscellaneous/2014/08/15/writ-filed-at-sc-against-charis- murder 

https://kathmandupost.com/national/2019/05/04/dsp-dhungel-suspended-for-suspected- association-with-a-robber 

https://nepal24hours.com/uproar-parliament-killing-don-lawmakers-term-fake-encounter/ 

https://kathmandupost.com/miscellaneous/2014/08/08/chari-killed-in-cold-blood-oli 

https://allnepalwiki.blogspot.com/2014/08/don-chari-killed-encounter-or-murder.html 

https://bhadrajol.blogspot.com/2014/08/dinesh-adhikari-chari-girlfriend-khusbu.html 

https://myrepublica.nagariknetwork.com/news/crime-and-punishment-1/ 

https://www.nepalee.com/nation/crime/k-p-oli-says-chari-died-in-cold-blooded- murder.html 

http://test.sajha.com/sajha/html/index.cfm?threadid=109886 https://nepal24hours.com/don-chari-dies-shoot-police-capital/ 

This video features materials protected by the Fair Use guidelines of Section 107 of the Copyright Act for the use of criticism, comment, reporting and teaching. All the footage belong to their respective owners"
Why LAND and HOUSE are so EXPENSIVE in Nepal?,221764,2022-08-17,10525,478,"We all know how expensive the prices of land and house are in recent days. An average salaried worker in Nepal now needs to save 10 years of salary just to buy the land in the capital. Realistically, it would take a minimum of 20-25 years and in that time, the prices will again soar to some astronomical figure.  So, if average people cant pay for the land, why is it so expensive, who are responsible behind it and what problem is it creating?

Timestamp:
0:00 Durbarmarg
1:26 3 Reasons behind the Rise
4:42 Effects of Soaring Prices
8:22 Possible Solutions


Let's connect :
If you are on Facebook: [https://www.facebook.com/dipesh.tripathi.35.]
If you are on Twitter: [https://twitter.com/NepaliComment]
If you are on Instagram: [https://www.instagram.com/dipesh.trip/]

Edited by: Ajay Khadka (https://www.instagram.com/khadka__ajay/)
Animations and Thumbnail by: Rabi Kandel (https://www.instagram.com/proto_flex/)

Sources:
If you only have little time, read these three only: 
https://cijnepal.org.np/why-kathmandus-land-prices-continue-to-skyrocket/)
(https://www.nepalitimes.com/banner/kathmandus-unreal-real-estate-prices/)
(https://www.nrb.org.np/contents/uploads/2021/11/HPI-Survey-Report.pdf)

If you have more time: go on with these: 
(https://thehimalayantimes.com/nepal/real-estate-boom-in-the-time-of-pandemic)
(https://myrepublica.nagariknetwork.com/news/state-of-real-estate-1/)
(https://english.onlinekhabar.com/kathmandus-soaring-real-estate-industry-has-an-impact-on-the-productive-economy-control-is-a-must.html)
(https://www.nrb.org.np/contents/uploads/2021/11/HPI-Survey-Report.pdf)
(https://farsightnepal.com/news/38)

This video features materials protected by the Fair Use guidelines of Section 107 of the Copyright Act for the use of criticism, comment, reporting and teaching. All the footage belong to their respective owners.

Desh Nepal
Ray 4U
CIJ Nepal
Aljazeera
Rural Nepal Village"
The Rise & Fall of Sagar Thapa - Guilty of Match Fixing?,587909,2022-08-11,19278,696,"Sagar Thapa was the golden boy of the Nepali Football Team. A natural leader, charismatic personality, and a Free Kick goal against Bangladesh that can never be recreated. In October 2015, Nepal police caught Sagar Thapa along with four others for alleged match fixing in various matches from 2008- 2014. This became one of the biggest scandal in Nepali Sports history. The supreme court has acquitted them from the reason. So, Is he really guilty or was he framed?

Let's connect :
If you are on Facebook: [https://www.facebook.com/dipesh.tripathi.35.]
If you are on Twitter: [https://twitter.com/NepaliComment]
If you are on Instagram: [https://www.instagram.com/dipesh.trip/]

Research by: Bishwa Rai (https://www.instagram.com/bishwa546/)
Edited by: Ajay Khadka (https://www.instagram.com/khadka__ajay/)
Graph Animations and Thumbnail by: Rabi Kandel (https://www.instagram.com/proto_flex/)

Sources:

https://kathmandupost.com/sports/2015/12/05/match-fixing-scandal-nepali-footballers-face-afc-life-ban
https://www.bbc.com/news/world-asia-34763303
[https://www.the-afc.com/en/more/news/afc_suspends_nepali_players_and_official_for_match-fixing.html]
https://www.sportsintegrityinitiative.com/nepali-footballers-charged-with-match-fixing/
[https://myrepublica.nagariknetwork.com/news/29006/]
[https://sportslawnews.wordpress.com/2015/12/18/match-fixing-a-crime-worthy-of-a-life-sentence/]
[https://english.khabarhub.com/2020/16/82166/](https://english.khabarhub.com/2020/16/82166/)
[https://www.besoccer.com/new/nepal-footballers-in-court-on-match-fixing-treason-charges]
[http://nepalihimal.com/article/5470](http://nepalihimal.com/article/5470)
https://www.sbs.com.au/language/nepali/en/podcast-episode/football-match-fixing-is-not-an-act-against-the-state/shjxe5iag
http://archive.indianexpress.com/news/a-reform-that-changed-nepal-s-football-fate/887128/1
https://www.google.com/amp/s/sports.yahoo.com/amphtml/news/nepal-footballers-court-match-fixing-treason-charges-100622776.html
http://nepalihimal.com/article/5470
https://www.the-afc.com/en/more/news/afc_suspends_nepali_players_and_official_for_match-fixing.html

This video features materials protected by the Fair Use guidelines of Section 107 of the Copyright Act for the use of criticism, comment, reporting and teaching. All the footage belongs to their respective owners."
The Internet Speed Price War in Nepal,284775,2022-08-06,12874,545,"There is a war going on right now in Nepal. Not with guns and bullets, 
but with speed and price. Internet Service Providers or ISP are at war 
to get new customers. 
How? By announcing new and bigger packages but at the same rate as previous. 
But how is this possible? And is it why our internet sucks these days?

Let's connect :
If you are on Facebook: [https://www.facebook.com/dipesh.tripathi.35.]
If you are on Twitter: [https://twitter.com/NepaliComment]
If you are on Instagram: [https://www.instagram.com/dipesh.trip/]

Edited by: Ajay Khadka (https://www.instagram.com/khadka__ajay/)
Thumbnail by: Rabi Kandel (https://www.instagram.com/proto_flex/)

Special Mention to my friends for the Voice Overs:

Sanni Shrestha
Anuj Raj Shrestha
Yurika Khanal
Abhi Khatiwada

Sources:
(https://www.nepalitelecom.com/2021/12/internet-speed-war-unauthorized-nta-releases-a-notice.html)
(https://kathmandupost.com/money/2021/12/19/internet-speed-arms-race-a-cause-for-concern-nta-says)
(https://www.rashtranews.com/how-did-the-internet-speed-war-begin-and-what-to-make-of-it-nepal-news/)
(https://gadnwid.com/internet-service-isp-in-nepal/) 
(https://www.atlasandboots.com/remote-work/countries-with-the-cheapest-internet-world/)
(https://techenum.com/isp-bandwidth-contention-ratio-in-context-of-nepal/)
(https://techlekh.com/internet-price-nepal-taxes/)
(https://www.linkedin.com/pulse/broadband-war-nepal-tek-bahadur-limbu/)

This video features materials protected by the Fair Use guidelines of Section 107 of 
the Copyright Act for the use of criticism, comment, reporting and teaching. 
All the footage belong to their respective owners.
Nepal Press (https://www.youtube.com/watch?v=QxXaeGfi2aA&t=648s)
Tech Pana
Worldlink
CG
Classic Tech
Setopati"
The Dark Reality of Illegal SAND Mining in Nepal,630910,2022-07-29,25879,649,"Each year hundreds of children die from drowning in pits filled with water that were constructed by the Sand Mining Industry in Nepal. Most of which don’t have proper license or don’t follow any regulation. Whenever someone questions or tries to speak against them, they are either killed or made silent forever. All this for some extra sand. So, What makes Sand Mafia so powerful and why is Illegal Sand so important?

Let's connect :
If you are on Facebook: [https://www.facebook.com/dipesh.tripathi.35.]
If you are on Twitter: [https://twitter.com/NepaliComment]
If you are on Instagram: [https://www.instagram.com/dipesh.trip/]

Research by: Bishwa Rai (https://www.instagram.com/bishwa546/)
Edited by: Ajay Khadka (https://www.instagram.com/khadka__ajay/)
Thumbnail by: Rabi Kandel (https://www.instagram.com/proto_flex/)


Sources:
https://www.recordnepal.com/sand-mafia-murder-dhanusha-youth-who-fought-back
https://kathmandupost.com/national/2019/11/28/why-sand-mining-is-rampant-and-what-s-not-being-done-to-control-it
https://www.recordnepal.com/environment-conservation-takes-a-back-seat-in-the-budget
https://kathmandupost.com/miscellaneous/2014/12/18/exports-of-sand-stone-to-india-should-go-on-mahat
https://kathmandupost.com/columns/2020/01/24/dilip-mahato-should-have-been-a-hero-instead-he-will-be-forgotten
https://www.nepjol.info/index.php/BDG/article/view/1424#:~:text=Demand%20of%20sand%20has%20been,sand%20comes%20from%20such%20mining
https://cijnepal.org.np/when-crusher-operators-and-local-representatives-collude-to-plunder/
https://nepalitimes.com/drawing-a-line-in-the-sand/
https://www.thethirdpole.net/en/regional-cooperation/sand-mafia-flouts-the-laws-in-india-and-nepal/
https://myrepublica.nagariknetwork.com/news/sand-aggregate-prices-fall-on-slow-demand-improved-supplies/
https://kathmandupost.com/columns/2021/06/17/the-chure-conundrum
https://english.onlinekhabar.com/explained-nepals-plan-to-export-pebbles-and-sand-at-the-cost-of-chure-conservation.html

List of Politician and Sand Mining firms:
https://www.nepalitimes.com/banner/hiding-their-head-in-the-sand/
https://archive.nepalitimes.com/article/from-nepali-press/Elected-contractors,4182
https://www.nepalitimes.com/here-now/drowning-in-sorrow/

This video features materials protected by the Fair Use guidelines of Section 107 of the Copyright Act for the use of criticism, comment, reporting and teaching. All the footage belong to their respective owners.

Forbes
Wion
Vice Media
AP1 HD
DC Nepal
PBS News
Global News
AP International
News 24
Nepal Times"
Billionaire to Nepal's Biggest FRAUD??,491499,2022-07-25,14701,852,"This is the story of a man who became a billionaire by the age of 35 on his own, was the biggest player in the real state market in Nepal and yet he has now become Nepal’s Biggest Fraud. A fraud that affected more than 600 families and more than 7000 people. So, how did all this happen?
Let's connect :
If you are on Facebook: [https://www.facebook.com/dipesh.tripathi.35.]
If you are on Twitter: [https://twitter.com/NepaliComment]
If you are on Instagram: [https://www.instagram.com/dipesh.trip/]

Edited by: Ajay Khadka (https://www.instagram.com/khadka__ajay/)
Thumbnail by: Rabi Kandel (https://www.instagram.com/proto_flex/)

TimeStamp:
0:00 Affected by Fraud
0:58 Sudhir Basnet
1:43 The Origin
3:28 The Masterplan
4:36 Financial Crisis
5:25 All is Over
6:35 The Banks: Real Culprits
8:37 Vegas City Apartment
9:30 Fraud or Victim of Situation

Sources:
https://cijnepal.org.np/how-banks-enabled-nepals-biggest-fraud-and-ruined-peoples-life/
https://en.setopati.com/social/123710
https://english.onlinekhabar.com/notorious-fraudster-sudheer-basnet-released-after-serving-multiple-sentences.html
https://english.corporatenepal.com/news/detail/3619/
https://www.sharesansar.com/newsdetail/sudhir-basnet-arrested-on-fraud-charges
https://myrepublica.nagariknetwork.com/news/epf-taking-oriental-cooperative-chairman-basnet-owned-kohinoor-hill-housing-to-auction/
https://www.youtube.com/watch?v=WMYqDMKpkcM&t=278s
https://www.youtube.com/watch?v=NFAP86ARU9Y&t=316s
https://www.youtube.com/watch?v=pikjCqA9zpc&t=181s
https://www.youtube.com/watch?v=L-9-SFNzPaM&t=8s
https://www.youtube.com/watch?v=B6PbLv_1UUM&t=180s
https://www.youtube.com/watch?v=XAI30Zdyx04&t=206s
https://www.youtube.com/watch?v=8PmrJ60gWto
https://www.youtube.com/watch?v=wTngRHPZk5w


This video features materials protected by the Fair Use guidelines of Section 107 of the Copyright Act for the use of criticism, comment, reporting and teaching. All the footage belong to their respective owners."
How India Uses DAMS To Control Floods in Nepal,201460,2022-07-19,10355,840,"Nepal floods every year mostly during the monsoon season. What threatens more are the barrages built by India which violate international practices. According to last year's data, there are 21 such barrages. These barrages cover the entire Terai from east to west. So, Why is no one doing anything, and how does India control Nepal floods? 

Let's connect :
If you are on Facebook: [https://www.facebook.com/dipesh.tripathi.35.]
If you are on Twitter: [https://twitter.com/NepaliComment]
If you are on Instagram: [https://www.instagram.com/dipesh.trip/]

Research by: Bishwa Rai ( https://www.instagram.com/bishwa546/)
Edited by: Ajay Khadka (https://www.instagram.com/khadka__ajay/)
Thumbnail by: Rabi Kandel (https://www.instagram.com/proto_flex/)

Timestamp:
0:00 Yeshodhara Inundation
1:35 What causes Floods
02:31 India's Involvement
04:05 The flood of 1953
05:05 The Present Conflict
06:00 So, what then? 

Sources:

[https://www.thehindu.com/opinion/op-ed/india-nepal-flood-management-needs-course-correction/article35754101.ece]

[https://kathmandupost.com/national/2021/07/11/nepal-must-pursue-inundation-issues-with-india-year-round-observers-say]

[https://www.nytimes.com/2019/09/29/world/asia/nepal-india-flood-dam.html]

[https://web.archive.org/web/20210711021841/https://www.nhrcnepal.org/nhrc_new/doc/newsletter/BOARER_Report_NHRC_Jestha_2077-compressed.pdf]

[https://scroll.in/latest/969966/nepal-not-cooperating-with-bihar-nitish-kumar-tells-pm-modi-during-meeting-on-flood-situation]

[https://www.downtoearth.org.in/interviews/natural-disasters/-every-flood-in-nepal-causes-deluge-in-india--65707]

[https://www.thethirdpole.net/en/regional-cooperation/along-the-koshi-flooded-in-nepal-ignored-by-india/]
[https://www.gktoday.in/topic/why-india-nepal-flood-management-needs-correction/]

[https://www.semanticscholar.org/paper/Kosi-embankment-Breach-in-Nepal%3A-Need-for-a-Shift-Dixit/df00677ca0215f3470365ce1212e9d81238a89c7]

[https://www.firstpost.com/long-reads/a-dammed-history-of-the-kosi-5221841.html]

[https://idsa.in/idsastrategiccomments/RevisitingtheKosiAgreement_Medha Bisht_220908]

[https://www.forwardpress.in/2020/04/dr-ambedkar-pioneer-of-national-water-resources-development-policy/]

[https://kathmandupost.com/national/2021/07/11/nepal-must-pursue-inundation-issues-with-india-year-round-observers-say]


[https://www.nepalitimes.com/editorial/flood-of-recrimination/](https://www.nepalitimes.com/editorial/flood-of-recrimination/)

https://www.earthnetworks.com/flooding/

https://www.researchgate.net/publication/330221889_Nepal_Terai_Flood_of_2017_A_Case_Study_of_Gaur_Municipality_Rautahat

https://www.researchgate.net/publication/270127960_Flooding_and_Inundation_in_Nepal_Terai_Issues_and_Concerns

https://www.researchgate.net/figure/Study-Area-Major-Rivers-of-Tulsipur-SubMetropolitan-City_fig1_353558431

https://hazards.fema.gov/nri/riverine-flooding#:~:text=Riverine%20Flooding%20is%20when%20streams,low%2Dlying%2C%20dry%20land.

https://www.google.com/url?sa=t&source=web&rct=j&url=https://en.m.wikipedia.org/wiki/List_of_rivers_of_Nepal&ved=2ahUKEwjKhe37nOL4AhXrm9gFHX23DD8QFnoECE8QAQ&usg=AOvVaw1zM8M03_Tk5SH2QUaSAl5B

https://www.unep.org/news-and-stories/story/how-climate-change-making-record-breaking-floods-new-normal

[https://www.gfdrr.org/sites/default/files/publication/final_report_Glacial Lakes Outburst Floods Nepal.pdf]

https://www.nepalitimes.com/banner/climate-change-is-a-disaster-in-the-nepal-himalaya/#:~:text=Unseasonal rains this week unleashed,when expanding glacial lakes burst.

https://library.wmo.int/doc_num.php?explnum_id=10867

https://www.thethirdpole.net/en/climate/cyclones-south-asia/

This video features materials protected by the Fair Use guidelines of Section 107 of the Copyright Act for the use of criticism, comment, reporting and teaching. All the footage belong to their respective owners.

Film Division India
BBC News
Kantipur TV
DW News
India Ahead
ABP News
ANI
Setopati"
"Janardan Sharma and the CCTV Scandal, Explained",131352,2022-07-08,6152,329,"The latest addition to the political turmoil, The Janardan Sharma Scandal, where it is alleged that he let in two unauthorized person on the night before budget declaration and the taxes rates were adjusted with their inputs instead of the concerned. If true, this might be one of the biggest scandal in Nepalese history as manipulation of budget is a very big crime.


Lets connect :
If you are facebook type: [https://www.facebook.com/dipesh.tripathi.35/]
If you are twitter type: [https://twitter.com/NepaliComment]
If you are instagram type: [https://www.instagram.com/dipesh.trip/]
Research: Sandesh(https://www.facebook.com/profile.php?id=100081284515904)
Thumbnail: Rabi (https://www.instagram.com/proto_flex/)

Timestamp: 
0:00 The night of Jestha 14
1:38 Title
1:49 Janardan Sharma and controversy
03:30 What happened that night?
04:07 Changes in tax Rates
06:30 History repeats
07:15 Next Steps

This video features materials protected by the Fair Use guidelines of Section 107 of the Copyright Act for the use of criticism, comment, reporting and teaching. All the footage belong to their respective owners.
Nagarik Show
E Kagaj
Aljazeera
Merolagani
Setopati
Ekata TV
TV Today
Prime HD TV
NTV
Samagri

https://www.youtube.com/watch?v=JDSMmvin6Jw
https://www.youtube.com/watch?v=GCFUlQnDXkk
https://www.youtube.com/watch?v=22azMKVWw1A
https://www.youtube.com/watch?v=UbJEIIfP6Ro"
Why do so many planes CRASH in Nepal?,413347,2022-06-21,13509,531,"Nepal has had 27 fatal plane crash in last 30 year with the Tara Air Plane crash on May 29, 2022 being the latest addition to the that list. What I found weird was the fact that, we, in some capacity, were fully aware of the risks and why such flight crash. So, we know planes crash often in Nepal but why no one is doing anything to stop it or is it even stoppable?

Lets connect :
If you are facebook type: [https://www.facebook.com/dipesh.tripathi.35/]
If you are twitter type: [https://twitter.com/NepaliComment]
If you are instagram type: [https://www.instagram.com/dipesh.trip/]

Thumbnail by: Rabi (https://www.instagram.com/proto_flex/)

TimeStamp:
0:00 Intro
0:20 Tara Air Crash
0:52 Aviation Safety Report
2:22 Crash Numbers
3:07 Geography of Nepal
4:10 Mistakes by Airlines
5:35 Our Reputation
6:38 Korean Airlines
7:58 Conclusion

Sources: 

Aviation Safety Report 2021: [https://caanepal.gov.np/publication/aviation-safety-report]
[https://www.geolsoc.org.uk/Plate-Tectonics/Chap3-Plate-Margins/Convergent/Continental-Collision#:~:text=The Himalayan mountain range and,years ago and continues today]
[https://www.jstor.org/stable/20053934][https://www.highskyflying.com/are-small-planes-more-dangerous-than-big-planes/]
[https://www.scmp.com/magazines/post-magazine/travel/article/2188081/korean-air-marks-50-years-excellence-or-it-accidents]
[https://transport.ec.europa.eu/transport-themes/eu-air-safety-list_en]
[https://www.nepalisansar.com/news/nepal-aviation-eu-ban-on-nepali-airlines-to-be-lifted-soon-says-minister/]
[https://www.independent.co.uk/travel/news-and-advice/kathmandu-plane-crash-today-nepal-airport-airlines-travel-risk-eu-ban-a8252306.html]
[https://www.aviationnepal.com/62-anniversary-of-nepal-airlines-learn-from-its-history-and-set-a-milestone/]
[https://myrepublica.nagariknetwork.com/news/tara-air-had-half-a-dozen-major-accidents-3-fatal-in-past-16-years/]
[https://www.aviation-safety.net/database/dblist.php?Country=9N]
[https://myrepublica.nagariknetwork.com/news/738-accident-deaths-in-nepal-s-70-year-aviation-history/]
[https://indianexpress.com/article/explained/explained-nepals-unfortunate-history-of-deadly-plane-crashes-7942801/#:~:text=risky in Nepal%3F-,Nepal has had a long and unfortunate history of plane,place in the last decade]
[https://www.financialexpress.com/infrastructure/airlines-aviation/nepal-plane-crash-know-what-makes-flying-risky-in-the-country/2542233/]

This video features materials protected by the Fair Use guidelines of Section 107 of the Copyright Act for the use of criticism, comment, reporting and teaching. All the footage belong to their respective owners.
DW News
CNA
WION
Global News
NDTV
Nepal Tourism Board
India Today
Arirang News
CNN
Tripadvisor"
The Rise and Fall of Prashant Tamang,806981,2022-05-27,24204,793,"When Prashant Tamang won the season3 of Indian Idol, people believed he was the next big thing.
People loved him, supported him. He won, became a popular singer in Nepal and even became a lead actor in Nepali movies. And now he is gone from the limelight. He is not releasing new songs and neither his movies are being released.
So What Went Wrong? 
While the facts presented in this video are true, I had to join some of the facts to create context so those might not be completely
what have happened. If you find any mistakes, do correct me.

TimeStamps:
0:00 Intro
1:08 Road to Indian Idol
3:15 Success after Indian Idol
4:04 The Fall
5:48 Expectations
7:55 Conclusion

Lets connect :
If you are facebook type: https://www.facebook.com/dipesh.tripathi.35/
If you are twitter type: https://twitter.com/NepaliComment
If you are instagram type: https://www.instagram.com/dipesh.trip/
 
This video features materials protected by the Fair Use guidelines of Section 107 of the Copyright Act for the use of criticism, comment, reporting and teaching. All the footage belong to their respective owners.
Sony Entertainment TV / Set India 
Suraj Rai (https://www.youtube.com/watch?v=rJV2nR6P04k&t=208s) 
Mero Online TV (https://www.youtube.com/watch?v=FH0rL__Hfig&t=365s)
Prashant Tamang's Instagram Handle
PMST NEPAL (https://www.youtube.com/watch?v=fEKCTxelbG0&t=3649s)
8K Everest Motion Pictures (https://www.youtube.com/watch?v=4QwnWQ6oXP4)"
What Went WRONG with MAYOS Noodles?,263273,2022-04-25,15187,1002,"Wai wai has always been the market leader in Instant Noodles in Nepal. The only brand that could ever compete against them was Mayos. Mayos even surpassed Waiwai for a brief period in 2008 but today, Mayos is completely gone. So, What Went Wrong? Here's the full Story of Mayos Noodles from their sudden rise to becoming Market leaders in just 8 years and a disastrous exit in the following decade. 

CORRECTION: In the starting animation. 40 lakh noodles are eaten per day, not in a year. So, the  starting 25 seconds are factually incorrect. While I cant change the video now, it's the least I can do. 

Lets connect :
If you are facebook type: https://www.facebook.com/dipesh.tripathi.35/
If you are twitter type: https://twitter.com/NepaliComment
If you are instagram type: https://www.instagram.com/dipesh.trip/
 

If you are interested to know more about me, watch my story at Storyyellers called "" Dipesh Tripathi - 84 Pages of Disappointment"" 
https://www.youtube.com/watch?v=iOTc4z0dD7Y

Sources:
https://www.sharesansar.com/newsdetail/govt-bans-sale-of-no-msg-mayos-maggi-noodles
https://www.newbusinessage.com/Articles/view/1709
http://archive.nepalitimes.com/news.php?id=9196
https://thehimalayantimes.com/business/maggi-mayos-using-misleading-labels
https://thehimalayantimes.com/business/mayos-noodles-in-two-new-flavours
https://kathmandupost.com/money/2015/09/21/mayos-noodles-reintroduced
http://www.khetan.com.np/himalayansnax.htm
https://kathmandupost.com/money/2019/08/10/how-nepal-became-obsessed-with-instant-noodles-and-why-it-s-here-to-stay
Timestamp
0:00 Intro
0:48 The Beginning
1:38 Campaign
4:03 The Fall
7:10 The End
This video features materials protected by the Fair Use guidelines of Section 107 of the Copyright Act for the use of criticism, comment, reporting and teaching. All the footage belong to their respective owners.


Wion
news24
M&S VMAG: Excerpts from Deependra and Subu
AP Achieve
AP1 HD
KendraBindu
nepalnews.com
Advertisements from Mayos and WaiWai"
The Real REASON why SAARC Failed,186270,2022-03-22,7554,560,"It’s been 8 long years since the last SAARC summit was held and there is no certainty, when it will happen next. At the heart of this conflict is the Indian Prime Minister, Narendra Modi. When he became the PM for the first time in 2014, he was very vocal about his interest in SAARC and how he wanted to transform it. But things have changed a lot in last 8 years and it seems SAARC is headed to an unavoidable demise.

Lets connect :
If you are facebook type: https://www.facebook.com/dipesh.tripathi.35/
If you are twitter type: https://twitter.com/NepaliComment
If you are instagram type: https://www.instagram.com/dipesh.trip/


If you are interested to know more about me, watch my story at Storyyellers called "" 84 Pages of Disappointment"" 
https://www.youtube.com/watch?v=iOTc4z0dD7Y
Sources:

[https://www.livemint.com/Politics/df7Jr5TNmxH9h245REpjuL/Pakistan-demands-greater-role-for-China-in-Saarc.html]
[https://www.eastasiaforum.org/2014/12/25/as-saarc-drags-its-feet-south-asia-should-turn-to-sub-regionalism/]
[https://www.brookings.edu/research/chinas-role-in-saarc/]
[https://thediplomat.com/2021/07/china-is-providing-an-alternative-regional-framework-for-south-asia/#:~:text=China became an observer state,to the SAARC Development Fund]
[https://www.jstor.org/stable/48622909]: India’s Paradigm Shift from SAARC to BIMSTEC
[https://www.statecraft.co.in/article/given-china-s-ascendancy-can-india-really-afford-to-abandon-saarc]
[https://www.sspconline.org/opinion-analysis/why-saarc-would-not-allow-foreign-ministers-meet-legitimise-taliban-09252021]
[https://www.jstor.org/stable/45340967] : Pakistan at the Heart of SAARC’s Failure
[https://timesofindia.indiatimes.com/blogs/toi-editorials/india-against-full-membership-for-china-in-saarc/]
[https://thediplomat.com/2017/04/is-saarc-doomed/]
[https://www.newslaundry.com/2020/03/18/no-india-didnt-suddenly-rediscover-saarc-the-latest-outreach-is-in-line-with-old-policy]
[https://www.thenews.com.pk/print/935995-india-doesn-t-want-saarc-to-function-alvi]
[https://www.strifeblog.org/2021/06/08/the-failings-of-regionalism-saarc-and-its-struggle-to-thrive/]
[https://timesofindia.indiatimes.com/world/south-asia/disappointment-at-saarc-as-pakistan-blocks-3-key-connectivity-agreements/articleshow/45282809.cms]
[https://thewire.in/diplomacy/india-south-asia-neighbours-foreign-policy-respect]
[https://www.bbc.com/news/world-asia-india-30222425]
[https://www.ndtv.com/opinion/india-should-pull-out-of-saarc-lead-new-organization-1434635]
[https://www.hindustantimes.com/india/pm-modi-hits-the-right-notes-at-saarc-summit/story-c57IRv1kNdFFhtBcdk66dM.html]
[https://indianexpress.com/article/explained/why-was-the-saarc-meeting-cancelled-7527420/]
[https://ratopati.com/story/225603/2022/3/10/bbin-india-bhutan-]
[https://www.thehindu.com/news/national/saarc-potential-cant-be-realised-until-terror-ends-pm-modi/article33281688.ece]
[https://theprint.in/opinion/global-print/saarc-is-well-and-truly-dead-lets-acknowledge-that-conduct-its-funeral-rites-and-move-on/741493/]

This video features materials protected by the Fair Use guidelines of Section 107 of the Copyright Act for the use of criticism, comment, reporting and teaching. All the footage belong to their respective owners. 

Videos from:
CCTV America
NTV
ABP News
India TV
ET
King and Generals
DD News
New China: Xinhua Video
CRUX
TIMES NOW
The WORLD TODAY
BBIN
The QUINT
Aljazeera
WION
NDTV
RSTV"
Why Petrol is so expensive in Nepal?,238675,2022-03-03,11172,851,"*UPDATE 6: 25th June 2022:  After the price roamed around 200, the government has not reduced the petrol price by Rs 20. It's 179 per liter now. But as things stand, the problem is not solved yet. Global prices are still up. Government can reduce taxes to make it even cheaper right now. But its a relief from 199. 
https://ekantipur.com/news/2022/06/25/16561398063758490.html *

When I first started researching for this video a month ago, the petrol price was Rs. 139. While video-editing, it rose to Rs. 142 and now when releasing this video, the price has already escalated to Rs. 145. Six rupees might seem less, but this change over a month equals 52% per annum increment, which is four times more than the loan interest rate the government offers. This increasing trend clearly shows where the Oil Prices are headed to in the near future. Why it is so, however, is more complex. Can Nepali government do anything? Or are we doomed to face the worst? 

*I have intentionally excluded the Russia- Ukraine Crisis, which might fuel the rising prices to a whole new level but its a complete different rabbit hole and it would not have been possible to put everything up in a single video. However, the other major reason are discussed in the video. 



Lets connect :
If you are facebook type: https://www.facebook.com/dipesh.tripathi.35/
If you are twitter type: https://twitter.com/NepaliComment
If you are instagram type: https://www.instagram.com/dipesh.trip/


If you are interested to know more about me, watch my story at Storyyellers called "" 84 Pages of Disappointment"" 
https://www.youtube.com/watch?v=iOTc4z0dD7Y

Sources:
[http://noc.org.np/fortnightly]

[https://kathmandupost.com/money/2022/01/22/nepal-oil-says-it-is-bankrupt-further-price-rises-foreseen]

[https://thehimalayantimes.com/nepal/noc-faces-staggering-monthly-loss-of-rs-45-billion](
[https://economictimes.indiatimes.com/industry/energy/oil-gas/indias-oil-import-bill-witness-steep-rise/articleshow/89097226.cms?from=mdr]

[https://kathmandupost.com/money/2021/04/21/explained-why-fuel-prices-have-increased-so-much]

[http://country.eiu.com/article.aspx?articleid=1622363546&Country=Nepal&topic=Economy]

[https://www.nrb.org.np/contents/uploads/2019/12/Inflation-Analysis-and-Price-Situation-2006-08__Mid-August_2006__Text.pdf]

[https://www.researchgate.net/publication/343685177_Asymmetric_Impact_of_Oil_Price_on_Inflation_Evidence_from_Nepal]

[https://qz.com/2115735/opec-countries-are-producing-less-oil-than-they-said-they-would/]

[https://www.investopedia.com/articles/investing/012216/how-opec-and-nonopec-production-affects-oil-prices.asp]

[https://theprint.in/economy/prolonged-ukraine-crisis-high-crude-prices-may-push-indias-import-bill-up-by-15-pc-experts/846256/]

[https://oilprice.com/]

[https://www.reuters.com/world/americas/venezuelas-inflation-hit-6864-2021-central-bank-2022-01-08/]

[https://kathmandupost.com/money/2014/01/09/nocs-rs-2b-bailout-request-begins-bureaucratic-journey]

This video features materials protected by the Fair Use guidelines of Section 107 of the Copyright Act for the use of criticism, comment, reporting and teaching. All the footage belong to their respective owners. 

Videos from:
CNBC Television
Galaxy 4k
AP1HD
Prime HD
Bloomberg Market and Finance
AlJazeera Engilish
Business Standard
Vox
WION
Discovery Science
TRT World
Indian Oil Corporation"
#5 The DECISION that ENDED the WAR - Nepal Civil War Explained | Final Episode,75006,2020-08-10,2052,146,"When King Gyanendra took power in his own hands in 2002, he might never have expected that in 4 years time, the centuries old monarchy will be over because of his over ambitious and direct rule approach.
In this final episode of the Nepal Civil War Explained, we look at the events that followed from King Gyanendra taking power in his hands and till the revolutionary 2006 Movement.


In this video:
0:00 Intro
01:00 The King's Strategy
02:28 The Remaining Parties
03:34 The Final Battle
06:50 Conclusion
07:25 Next Series Announcement



Since the 2006 movement in itself is such a big topic, we wont discuss it in this video( might be in some future video) and also, I had to only include major events, so some important but minor events that you might be aware of  are not included. 



If you haven't watched previous episode, checkout the entire playlist: 

https://www.youtube.com/playlist?list=PLVIPQA0spdB229A6wHHqO3Gaj0IwgTbeq



You actually read all the description to reach here. Kudos to you reader. ❤️ ❤️ ❤️ 

Lets connect :
If you are facebook type: https://www.facebook.com/dipesh.tripathi.35/
If you are twitter type: https://twitter.com/NepaliComment
If you are instagram type: https://www.instagram.com/dipesh.trip/


If you are interested to know more about me, watch my story at Storyyellers called "" 84 Pages of Disappointment"" 
https://www.youtube.com/watch?v=iOTc4z0dD7Y


References:


Paradise Lost?: State Failure in Nepal - https://www.amazon.com/Paradise-Lost-State-Failure-Nepal/dp/0739146645
Bloodless Coup: https://www.telegraph.co.uk/news/worldnews/asia/nepal/1482616/King-of-Nepal-carries-out-a-bloodless-coup.html
Nepal Crisis: https://www.independent.co.uk/news/world/nepal-plunged-into-crisis-as-king-stages-coup-to-take-power-5385081.html

Ten year timeline - http://archive.nepalitimes.com/news.php?id=10616


King Gyanendra intervview in Time Magazine in 2005: http://content.time.com/time/magazine/article/0,9171,1050194,00.html

Evaluating Nepal's Integrated “Security” and “Development” Policy: 

https://www.jstor.org/stable/10.1525/as.2005.45.4.581?read-now=1&seq=1


Day of the Maoist: https://www.himalmag.com/day-of-the-maoist/
The April 2006 Uprising: https://www.marxist.com/nepal-abolition-of-the-monarchy.htm
Major Events: https://www.reuters.com/article/us-nepal-elections-maoists/timeline-main-events-in-nepals-maoist-war-and-march-to-peace-idUSDEL23817820080414"
#4 How King Birendra's DEATH changed Nepal FOREVER? - Nepal Civil War Explained,42223,2020-07-27,1357,62,"It was expected that King Gyanendra would not possess the same popularity and vision as the late King Birendra, but no one would have expected how much things could go wrong under the new King.


In this fourth episode of the series, we look at the direct intervention of Army,  the turning point of Civil war: The Holeri Incident and how the 9/11 attack had a profound impact on Nepali Civil war as well.


Video Map:
0:00 Intro
1:15 The Holeri Incident
03:40 The Royal Army
04:57 The Ambitious King
07:48 Outro


In this 5 episode series of Nepal Civil War Explained, join me in this exciting journey to unravel the truth.

Here's the playlist of the full series: https://www.youtube.com/playlist?list=PLVIPQA0spdB229A6wHHqO3Gaj0IwgTbeq

The next episode of the series ""Nepal Civil War Explained: The Climax"" is releasing on Saturday, 1st August 2020.

Lets connect :
If you are facebook type: https://www.facebook.com/dipesh.tripathi.35/
If you are twitter type: https://twitter.com/NepaliComment
If you are instagram type: https://www.instagram.com/dipesh.trip/


If you are interested to know more about me, watch my story at Storyyellers called "" 84 Pages of Disappointment"" 
https://www.youtube.com/watch?v=iOTc4z0dD7Y


References:
Paradise Lost?: State Failure in Nepal - https://www.amazon.com/Paradise-Lost-State-Failure-Nepal/dp/0739146645
Holeri incident, the turning point - https://myrepublica.nagariknetwork.com/news/holeri-incident-the-turning-point/
Ten year timeline - http://archive.nepalitimes.com/news.php?id=10616

Nepal Maoist Insurgency - https://www.tandfonline.com/doi/full/10.1080/09592318.2016.1265820?scroll=top&needAccess=true&
Human rights abuses - https://reliefweb.int/report/nepal/nepal-human-rights-abuses-escalate-under-state-emergency
Nepal Conflict Report: UNHR - reliefweb.int/sites/reliefweb.int/OHCHR_Nepal_Conflict_Report2012.pdf

Nepal GDP per Capita - https://www.ceicdata.com/en/indicator/nepal/gdp-per-capita
Green Roots of Red Rebellion - Rebellion_Environmental_Degradation_and_the_Rise_of_the_Maoist_ ...

King takes power - https://www.telegraph.co.uk/news/worldnews/asia/nepal/1409244/King-of-Nepal-takes-power-during-crisis.html
Nepal king sacks government - https://edition.cnn.com/2002/WORLD/asiapcf/south/10/04/nepal.govt.sacked/index.html
Parliament Dissolved - https://www.voanews.com/archive/nepals-king-dissolves-parliament-2002-05-23"
#3 The Maoist STRATEGY to WIN the WAR- Nepal Civil War Explained,63496,2020-07-11,1817,114,"If you think the Nepali Maoist were just hit and run and had no strategic organization and plan, then you will be surprised to see the level of organization and structure they had even then, sometime even better the ruling parties of that time.

In this third episode of the series, we look at the beginning strategies of the Maoist and the key events that shaped the war and also about how the royal massacre of King Birendra was a very crucial event in Civil war . 

Video Map:
0:00  Intro
01:12 The Strategy
03:33 The Organization
06:56 The King
09:45 Outro 

 If you were born before 2000's like me, you have fond memory of the Nepali Civil War between the Maoist and the Monarchy. This is my attempt to understand what actually happened and why. 

In this 5 episode series of Nepal Civil War Explained, join me in this exciting journey to unravel the truth.

Here's the playlist of the full series: https://www.youtube.com/playlist?list=PLVIPQA0spdB229A6wHHqO3Gaj0IwgTbeq

The next episode of the series ""Nepal Civil War Explained | The War | Part 2"" is releasing on Saturday, 25th July 2020.

Lets connect :
If you are facebook type: https://www.facebook.com/dipesh.tripathi.35/
If you are twitter type: https://twitter.com/NepaliComment
If you are instagram type: https://www.instagram.com/dipesh.trip/


If you are interested to know more about me, watch my story at Storyyellers called "" 84 Pages of Disappointment"" 
https://www.youtube.com/watch?v=iOTc4z0dD7Y"
# 2 The SOUTH AMERICAN COUNTRY that inspired MAOIST to start the WAR- Nepal Civil War Explained,272522,2020-07-03,3424,146,"If you were born before 2000's like me, you have fond memory of the Nepali Civil War between the Maoist and the Monarchy. This is my attempt to understand what actually happened and why. 



If I tell you, there a country which influenced the Nepali Maoist to such a extent that if they had not been inspired by that country, the civil war would not have been possible. If you are guessing India or China, then both answers are wrong. You will  be completely surprised to know the answer.



In this second episode of the series, we look at the beginning of the Maoist and the events that made them take such a huge decision and finally declare the People's war.


In this 5 episode series of Nepal Civil War Explained, join me in this exciting journey to unravel the truth.


Here's the playlist of the full series: https://www.youtube.com/playlist?list=PLVIPQA0spdB229A6wHHqO3Gaj0IwgTbeq


The next episode of the series ""Nepal Civil War Explained | The War | Part 1"" is releasing on Saturday, 11th July 2020.


Lets connect :
If you are facebook type: https://www.facebook.com/dipesh.tripathi.35/
If you are twitter type: https://twitter.com/NepaliComment
If you are instagram type: https://www.instagram.com/dipesh.trip/


If you are interested to know more about me, watch my story at Storyyellers called "" 84 Pages of Disappointment"" 
https://www.youtube.com/watch?v=iOTc4z0dD7Y"
#1 Why the WAR happened ? - Nepal Civil War Explained,537146,2020-06-26,4587,196,"If you were born before 2000's like me, you have fond memory of the Nepali Civil War between the Maoist and the Monarchy. This is my attempt to understand what actually happened and why. 



Such were the popularity and expectation of Nepali people after the revolutionary 62/63 Jana Aandolan, that they became the biggest party of Nepal on the merit of Civil War. Fast forward to 2020, Our perception towards the Maoist has changed and most youngster feel the Civil War as just a mistake. 

Was it really a mistake and just the power struggle between the Maoist and government or have they changed later after becoming successful? 


This is my attempt to find out what actually happened during that time and better understand the present.


This is the 1st Episode of the Nepal Civil War Explained, where we analyze the Origin and roots of the Maoist, the society and economic factor that made the civil war possible in the first place. 


In this 5 episode series of Nepal Civil War Explained, join me in this exciting journey to unravel the truth.


Here's the playlist of the full series: https://www.youtube.com/playlist?list=PLVIPQA0spdB229A6wHHqO3Gaj0IwgTbeq


The next episode of the series ""Nepal Civil War Explained: The Beginning"" is releasing on Friday, 3rd July 2020.

Lets connect :
If you are facebook type: https://www.facebook.com/dipesh.tripathi.35/
If you are twitter type: https://twitter.com/NepaliComment
If you are instagram type: https://www.instagram.com/dipesh.trip/


If you are interested to know more about me, watch my story at Storyyellers called "" 84 Pages of Disappointment"" 
https://www.youtube.com/watch?v=iOTc4z0dD7Y"
